city,state,zipcode,bathrooms,bedrooms,area,year,price
Dallas,TX,75240,2.0,3.0,1494.0,1969.0,1995
Dallas,TX,75229,3.0,3.0,1547.0,,1695
Dallas,TX,75229,2.0,3.0,1710.0,1958.0,2100
Dallas,TX,75219,1.0,1.0,655.0,1981.0,1095
Dallas,TX,75229,2.0,3.0,2556.0,1958.0,3450
Dallas,TX,75206,3.0,2.0,2754.0,2005.0,5495
Dallas,TX,75244,2.0,2.0,1229.0,1981.0,2250
Dallas,TX,75229,2.0,2.0,1332.0,1983.0,1795
Dallas,TX,75206,1.0,2.0,1320.0,1923.0,1850
Dallas,TX,75287,3.5,4.0,2761.0,1991.0,2800
Dallas,TX,75220,1.0,2.0,1500.0,1950.0,2800
Dallas,TX,75235,2.0,2.0,1162.0,1963.0,1800
Dallas,TX,75287,1.5,2.0,1250.0,1982.0,1350
Dallas,TX,75252,2.0,3.0,1600.0,1954.0,1750
Dallas,TX,75252,2.0,3.0,1862.0,2009.0,4500
Dallas,TX,75209,2.0,3.0,1600.0,1946.0,2650
Dallas,TX,75287,2.0,3.0,1408.0,1983.0,1800
Dallas,TX,75220,4.0,4.0,3232.0,2019.0,7800
Dallas,TX,75225,3.0,4.0,2600.0,1952.0,4900
Dallas,TX,75206,3.5,4.0,3684.0,2013.0,5875
Dallas,TX,75230,2.0,3.0,1838.0,1955.0,2650
Dallas,TX,75252,1.0,1.0,600.0,1984.0,1250
Dallas,TX,75209,2.0,2.0,1032.0,,1200
Dallas,TX,75219,2.5,2.0,1116.0,1974.0,1800
Dallas,TX,75219,1.0,1.0,957.0,1930.0,1195
Dallas,TX,75230,2.5,2.0,2035.0,1975.0,2550
Dallas,TX,75225,2.0,2.0,1397.0,1956.0,1700
Dallas,TX,75248,2.5,3.0,2280.0,1978.0,2300
Dallas,TX,75230,5.5,6.0,7023.0,1998.0,15000
Dallas,TX,75206,1.0,1.0,578.0,,975
Dallas,TX,75234,1.0,1.0,661.0,1982.0,850
Dallas,TX,75235,1.0,2.0,937.0,1962.0,1395
Dallas,TX,75235,2.0,2.0,1480.0,,2195
Dallas,TX,75205,2.5,2.0,1707.0,2000.0,2800
Dallas,TX,75219,1.0,1.0,500.0,,849
Dallas,TX,75229,2.0,2.0,1119.0,1981.0,1800
Dallas,TX,75219,1.0,1.0,526.0,,1000
Dallas,TX,75205,1.0,1.0,740.0,,1250
Dallas,TX,75229,2.0,3.0,1530.0,1970.0,1650
Dallas,TX,75205,1.0,2.0,1074.0,1983.0,1700
Dallas,TX,75230,2.0,3.0,1836.0,1964.0,2100
Dallas,TX,75205,1.0,1.0,446.0,1957.0,895
Dallas,TX,75209,1.0,2.0,1105.0,1942.0,3500
Dallas,TX,75235,1.0,3.0,1400.0,1944.0,2200
Dallas,TX,75220,2.5,2.0,1589.0,2018.0,2595
Dallas,TX,75243,1.0,1.0,730.0,1983.0,950
Dallas,TX,75235,2.0,3.0,976.0,1951.0,2100
Dallas,TX,75238,2.0,3.0,1735.0,1974.0,1795
Dallas,TX,75252,1.0,1.0,500.0,1985.0,1100
Dallas,TX,75228,1.5,2.0,1272.0,1955.0,1495
Dallas,TX,75209,1.0,3.0,1242.0,1945.0,1950
Dallas,TX,75228,2.0,3.0,1642.0,1979.0,1475
Dallas,TX,75228,2.0,3.0,1768.0,1964.0,2150
Dallas,TX,75209,1.0,2.0,961.0,1949.0,2150
Dallas,TX,75214,2.0,2.0,1096.0,2009.0,1636
Dallas,TX,75215,2.0,3.0,1390.0,2013.0,1550
Dallas,TX,75229,2.0,2.0,1455.0,1970.0,1600
Dallas,TX,75231,1.0,1.0,737.0,1982.0,950
Dallas,TX,75229,2.0,2.0,1455.0,1970.0,1600
Dallas,TX,75216,1.0,3.0,1422.0,1950.0,1300
Dallas,TX,75229,2.0,3.0,1701.0,1957.0,2500
Dallas,TX,75231,2.0,2.0,1080.0,1970.0,1300
Dallas,TX,75229,2.0,3.0,1701.0,1957.0,2500
Dallas,TX,75253,2.0,3.0,1216.0,,1165
Dallas,TX,75230,3.0,3.0,2612.0,1960.0,3600
Dallas,TX,75231,1.0,2.0,914.0,1981.0,1200
Dallas,TX,75231,1.0,2.0,914.0,1981.0,1200
Dallas,TX,75230,3.0,3.0,2612.0,1960.0,3600
Dallas,TX,75253,2.0,3.0,1512.0,,1400
Dallas,TX,75252,2.5,2.0,1297.0,1985.0,1695
Dallas,TX,75243,2.0,3.0,1226.0,1954.0,1700
Dallas,TX,75243,2.0,3.0,1226.0,1954.0,1700
Dallas,TX,75252,2.5,2.0,1297.0,1985.0,1695
Dallas,TX,75226,2.5,2.0,2223.0,2006.0,2800
Carrollton,TX,75007,2.0,3.0,1480.0,1972.0,1825
Dallas,TX,75230,2.0,2.0,1122.0,1965.0,1795
Dallas,TX,75230,2.0,2.0,1122.0,1965.0,1795
Carrollton,TX,75007,2.0,3.0,1480.0,1972.0,1825
Dallas,TX,75241,1.5,3.0,1008.0,1970.0,1300
Dallas,TX,75240,2.5,3.0,2543.0,1980.0,2900
Dallas,TX,75206,1.0,2.0,975.0,1957.0,975
Dallas,TX,75206,1.0,2.0,975.0,1957.0,975
Dallas,TX,75240,2.5,3.0,2543.0,1980.0,2900
Dallas,TX,75215,1.0,3.0,1296.0,1927.0,1200
Dallas,TX,75219,2.0,2.0,1479.0,1949.0,2200
Dallas,TX,75228,1.0,2.0,849.0,1952.0,1250
Dallas,TX,75228,1.0,2.0,849.0,1952.0,1250
Dallas,TX,75219,2.0,2.0,1479.0,1949.0,2200
Dallas,TX,75214,1.0,1.0,600.0,1973.0,1025
Dallas,TX,75252,2.5,3.0,2226.0,2004.0,2150
Dallas,TX,75218,3.0,5.0,3300.0,1971.0,12500
Dallas,TX,75218,3.0,5.0,3300.0,1971.0,12500
Dallas,TX,75252,2.5,3.0,2226.0,2004.0,2150
Dallas,TX,75214,1.0,2.0,1200.0,1930.0,1449
Dallas,TX,75206,2.0,2.0,1247.0,2006.0,1800
Dallas,TX,75243,1.0,1.0,732.0,1982.0,800
Dallas,TX,75243,1.0,1.0,732.0,1982.0,800
Dallas,TX,75206,2.0,2.0,1247.0,2006.0,1800
Dallas,TX,75227,1.0,2.0,1088.0,1982.0,1050
Dallas,TX,75209,2.0,2.0,1628.0,1945.0,1995
Dallas,TX,75206,1.0,2.0,777.0,1950.0,995
Dallas,TX,75206,1.0,2.0,777.0,1950.0,995
Dallas,TX,75209,2.0,2.0,1628.0,1945.0,1995
Dallas,TX,75214,1.0,1.0,610.0,,1079
Dallas,TX,75219,3.5,3.0,2428.0,1999.0,3500
Dallas,TX,75243,1.0,2.0,849.0,,1200
Dallas,TX,75243,1.0,2.0,849.0,,1200
Dallas,TX,75219,3.5,3.0,2428.0,1999.0,3500
Dallas,TX,75206,1.0,1.0,700.0,,975
Dallas,TX,75205,2.0,2.0,1224.0,2018.0,2700
Dallas,TX,75218,2.0,3.0,1530.0,1951.0,2200
Dallas,TX,75218,2.0,3.0,1530.0,1951.0,2200
Dallas,TX,75205,2.0,2.0,1224.0,2018.0,2700
Dallas,TX,75227,2.0,4.0,1988.0,2005.0,2800
Dallas,TX,75225,2.5,2.0,1835.0,2001.0,2800
Dallas,TX,75206,2.0,3.0,1447.0,1942.0,2450
Dallas,TX,75206,2.0,3.0,1447.0,1942.0,2450
Dallas,TX,75225,2.5,2.0,1835.0,2001.0,2800
Dallas,TX,75217,1.0,2.0,920.0,1974.0,996
Dallas,TX,75244,2.0,3.0,1500.0,1970.0,1750
Dallas,TX,75214,2.5,3.0,1982.0,1969.0,1950
Dallas,TX,75214,2.5,3.0,1982.0,1969.0,1950
Dallas,TX,75244,2.0,3.0,1500.0,1970.0,1750
Dallas,TX,75206,1.0,1.0,550.0,1960.0,995
Dallas,TX,75252,1.0,1.0,584.0,1985.0,1050
Dallas,TX,75206,2.0,3.0,1526.0,1928.0,3350
Dallas,TX,75206,2.0,3.0,1526.0,1928.0,3350
Dallas,TX,75252,1.0,1.0,584.0,1985.0,1050
Dallas,TX,75206,1.0,1.0,650.0,1959.0,1150
Dallas,TX,75230,4.0,5.0,4815.0,1953.0,10500
Dallas,TX,75243,2.5,4.0,2885.0,1982.0,2200
Dallas,TX,75243,2.5,4.0,2885.0,1982.0,2200
Dallas,TX,75230,4.0,5.0,4815.0,1953.0,10500
Dallas,TX,75217,2.0,4.0,1189.0,1972.0,1495
Dallas,TX,75231,2.0,2.0,1268.0,1961.0,1495
Dallas,TX,75252,3.0,4.0,2634.0,1984.0,2895
Dallas,TX,75231,2.0,2.0,1268.0,1961.0,1495
Dallas,TX,75252,3.0,4.0,2634.0,1984.0,2895
Dallas,TX,75223,2.0,5.0,1479.0,1951.0,1650
Dallas,TX,75243,1.0,2.0,808.0,1982.0,925
Dallas,TX,75252,1.0,1.0,448.0,1984.0,850
Dallas,TX,75243,1.0,2.0,808.0,1982.0,925
Dallas,TX,75252,1.0,1.0,448.0,1984.0,850
Dallas,TX,75215,2.0,3.0,1088.0,1983.0,1193
Dallas,TX,75219,1.0,1.0,720.0,,1200
Dallas,TX,75243,2.5,3.0,2004.0,1971.0,1995
Dallas,TX,75243,2.5,3.0,2004.0,1971.0,1995
Dallas,TX,75219,1.0,1.0,720.0,,1200
Dallas,TX,75246,1.0,2.0,1425.0,1918.0,1695
Dallas,TX,75229,2.0,3.0,1860.0,1955.0,2649
Dallas,TX,75243,2.0,2.0,894.0,1983.0,950
Dallas,TX,75243,2.0,2.0,894.0,1983.0,950
Dallas,TX,75229,2.0,3.0,1860.0,1955.0,2649
Dallas,TX,75206,2.5,2.0,2225.0,2017.0,3300
Dallas,TX,75205,2.0,2.0,2110.0,1931.0,4750
Dallas,TX,75243,2.0,3.0,1106.0,1959.0,1750
Dallas,TX,75243,2.0,3.0,1106.0,1959.0,1750
Dallas,TX,75205,2.0,2.0,2110.0,1931.0,4750
Dallas,TX,75210,1.0,3.0,1136.0,1918.0,950
Dallas,TX,75205,1.5,2.0,1057.0,1983.0,1975
Dallas,TX,75228,1.0,3.0,1500.0,1954.0,1800
Dallas,TX,75228,1.0,3.0,1500.0,1954.0,1800
Dallas,TX,75205,1.5,2.0,1057.0,1983.0,1975
Dallas,TX,75223,2.0,3.0,1641.0,,3000
Dallas,TX,75209,2.0,3.0,1300.0,1948.0,2750
Dallas,TX,75252,4.5,5.0,4150.0,2019.0,6500
Dallas,TX,75252,4.5,5.0,4150.0,2019.0,6500
Dallas,TX,75209,2.0,3.0,1300.0,1948.0,2750
Dallas,TX,75215,1.0,3.0,960.0,1927.0,1099
Dallas,TX,75225,3.0,3.0,2300.0,1951.0,4700
Dallas,TX,75231,1.5,1.0,1100.0,1975.0,1550
Dallas,TX,75231,1.5,1.0,1100.0,1975.0,1550
Dallas,TX,75225,3.0,3.0,2300.0,1951.0,4700
Dallas,TX,75246,1.0,1.0,362.0,,825
Dallas,TX,75229,2.0,3.0,2500.0,1965.0,3200
Dallas,TX,75248,2.5,4.0,2073.0,1968.0,2895
Dallas,TX,75248,2.5,4.0,2073.0,1968.0,2895
Dallas,TX,75229,2.0,3.0,2500.0,1965.0,3200
Dallas,TX,75214,1.0,1.0,614.0,1986.0,795
Dallas,TX,75235,2.5,2.0,2483.0,1978.0,2950
Dallas,TX,75243,2.5,4.0,2456.0,1971.0,2495
Dallas,TX,75243,2.5,4.0,2456.0,1971.0,2495
Dallas,TX,75235,2.5,2.0,2483.0,1978.0,2950
Dallas,TX,75206,1.0,1.0,864.0,1929.0,1395
Dallas,TX,75230,2.0,3.0,1914.0,1952.0,2495
Dallas,TX,75231,1.0,,525.0,1977.0,695
Dallas,TX,75231,1.0,,525.0,1977.0,695
Dallas,TX,75230,2.0,3.0,1914.0,1952.0,2495
Dallas,TX,75246,1.0,1.0,425.0,1951.0,1050
Dallas,TX,75287,2.0,2.0,1551.0,1986.0,1850
Dallas,TX,75218,2.0,3.0,2177.0,2009.0,2550
Dallas,TX,75218,2.0,3.0,2177.0,2009.0,2550
Dallas,TX,75287,2.0,2.0,1551.0,1986.0,1850
Dallas,TX,75214,3.5,4.0,4086.0,1919.0,5600
Dallas,TX,75228,2.0,4.0,2000.0,,1995
Dallas,TX,75230,2.0,3.0,2568.0,1954.0,2995
Dallas,TX,75228,2.0,4.0,2000.0,,1995
Dallas,TX,75230,2.0,3.0,2568.0,1954.0,2995
Dallas,TX,75227,2.0,3.0,966.0,1949.0,1125
Dallas,TX,75225,3.5,4.0,3190.0,1952.0,6000
Dallas,TX,75231,2.5,2.0,1195.0,1981.0,1600
Dallas,TX,75231,2.5,2.0,1195.0,1981.0,1600
Dallas,TX,75225,3.5,4.0,3190.0,1952.0,6000
Dallas,TX,75206,1.0,2.0,1428.0,1936.0,1450
Dallas,TX,75219,3.0,3.0,3370.0,1999.0,3850
Dallas,TX,75243,2.0,2.0,1059.0,1982.0,1225
Dallas,TX,75243,2.0,2.0,1059.0,1982.0,1225
Dallas,TX,75219,3.0,3.0,3370.0,1999.0,3850
Dallas,TX,75215,2.0,3.0,1540.0,,1250
Dallas,TX,75243,1.0,1.0,,,1000
Dallas,TX,75287,2.5,3.0,2347.0,1998.0,2400
Dallas,TX,75243,1.0,1.0,,,1000
Dallas,TX,75287,2.5,3.0,2347.0,1998.0,2400
Dallas,TX,75253,2.0,4.0,1847.0,2015.0,1750
Dallas,TX,75214,2.0,2.0,1648.0,1937.0,2550
Dallas,TX,75248,3.0,4.0,2304.0,1972.0,2395
Dallas,TX,75214,2.0,2.0,1648.0,1937.0,2550
Dallas,TX,75248,3.0,4.0,2304.0,1972.0,2395
Dallas,TX,75246,1.0,1.0,472.0,,999
Dallas,TX,75206,2.0,2.0,1147.0,,1350
Dallas,TX,75230,5.5,5.0,4922.0,2019.0,18000
Dallas,TX,75206,2.0,2.0,1147.0,,1350
Dallas,TX,75230,5.5,5.0,4922.0,2019.0,18000
Dallas,TX,75243,2.5,3.0,1672.0,1983.0,1700
Dallas,TX,75206,1.0,1.0,655.0,,1229
Dallas,TX,75209,1.5,2.0,1029.0,1951.0,1400
Dallas,TX,75243,2.5,3.0,1672.0,1983.0,1700
Dallas,TX,75209,1.5,2.0,1029.0,1951.0,1400
Dallas,TX,75214,1.0,2.0,1413.0,1931.0,1575
Dallas,TX,75214,1.0,1.0,568.0,1984.0,950
Dallas,TX,75248,1.0,1.0,755.0,1981.0,1100
Dallas,TX,75214,1.0,2.0,1413.0,1931.0,1575
Dallas,TX,75248,2.0,2.0,2006.0,1981.0,3200
Dallas,TX,75214,2.0,2.0,1420.0,,1350
Dallas,TX,75253,2.0,3.0,1309.0,2006.0,1395
Dallas,TX,75248,2.0,2.0,2006.0,1981.0,3200
Dallas,TX,75214,2.0,2.0,1420.0,,1350
Dallas,TX,75205,1.5,2.0,1125.0,1957.0,1450
Dallas,TX,75231,1.5,2.0,1400.0,1975.0,1925
Dallas,TX,75214,2.5,2.0,1108.0,1982.0,1850
Dallas,TX,75205,1.5,2.0,1125.0,1957.0,1450
Dallas,TX,75231,1.5,2.0,1400.0,1975.0,1925
Dallas,TX,75252,2.0,2.0,882.0,1984.0,1499
Dallas,TX,75214,3.0,5.0,2947.0,1964.0,4200
Dallas,TX,75214,1.0,2.0,909.0,,1175
Dallas,TX,75252,2.0,2.0,882.0,1984.0,1499
Dallas,TX,75214,3.0,5.0,2947.0,1964.0,4200
Dallas,TX,75220,1.5,3.0,1125.0,1949.0,1875
Dallas,TX,75206,2.0,2.0,1158.0,2008.0,2100
Dallas,TX,75206,1.0,1.0,600.0,,1195
Dallas,TX,75220,1.5,3.0,1125.0,1949.0,1875
Dallas,TX,75206,2.0,2.0,1158.0,2008.0,2100
Dallas,TX,75220,2.0,2.0,1520.0,1953.0,1995
Dallas,TX,75248,2.0,3.0,1610.0,1968.0,1585
Dallas,TX,75206,1.0,,410.0,,1055
Dallas,TX,75220,2.0,2.0,1520.0,1953.0,1995
Dallas,TX,75206,1.0,,410.0,,1055
Dallas,TX,75287,2.0,3.0,1724.0,1988.0,2100
Dallas,TX,75248,2.0,3.0,1610.0,1968.0,1585
Dallas,TX,75206,2.0,2.0,1695.0,1948.0,3200
Dallas,TX,75246,1.0,1.0,545.0,,935
Dallas,TX,75287,2.0,3.0,1724.0,1988.0,2100
Dallas,TX,75246,1.0,1.0,545.0,,935
Dallas,TX,75254,1.5,1.0,897.0,1983.0,1350
Dallas,TX,75206,2.0,2.0,1695.0,1948.0,3200
Dallas,TX,75206,1.0,2.0,1109.0,1948.0,4000
Grand Prairie,TX,75051,2.0,3.0,1529.0,2010.0,1800
Dallas,TX,75214,1.0,1.0,675.0,,1085
Dallas,TX,75254,1.5,1.0,897.0,1983.0,1350
Dallas,TX,75214,1.0,1.0,675.0,,1085
Dallas,TX,75209,2.0,3.0,1508.0,1944.0,3300
Dallas,TX,75218,2.0,3.0,1300.0,1965.0,1895
Dallas,TX,75206,1.0,2.0,1109.0,1948.0,4000
Dallas,TX,75212,2.0,4.0,1660.0,2001.0,1895
Dallas,TX,75214,1.0,2.0,864.0,,1595
Dallas,TX,75211,1.0,3.0,1223.0,1939.0,1500
Dallas,TX,75209,2.0,3.0,1508.0,1944.0,3300
Dallas,TX,75214,1.0,2.0,864.0,,1595
Dallas,TX,75287,3.0,4.0,2496.0,1998.0,2500
Dallas,TX,75238,2.0,3.0,1428.0,1985.0,1925
Dallas,TX,75238,2.0,3.0,1428.0,1985.0,1925
Dallas,TX,75212,1.0,2.0,1064.0,1950.0,1495
Dallas,TX,75214,3.0,4.0,2622.0,1920.0,4200
Dallas,TX,75235,2.0,3.0,1194.0,1949.0,1800
Dallas,TX,75287,3.0,4.0,2496.0,1998.0,2500
Dallas,TX,75214,3.0,4.0,2622.0,1920.0,4200
Dallas,TX,75218,2.0,3.0,1310.0,1961.0,2100
Dallas,TX,75230,5.0,6.0,6988.0,2002.0,17000
Dallas,TX,75218,2.0,3.0,1310.0,1961.0,2100
Dallas,TX,75249,2.5,4.0,1883.0,2006.0,1995
Dallas,TX,75212,2.0,4.0,1500.0,2017.0,1800
Dallas,TX,75206,2.0,2.0,1610.0,2009.0,2100
Dallas,TX,75219,1.0,1.0,679.0,2007.0,1292
Dallas,TX,75216,2.0,3.0,1010.0,,1350
Dallas,TX,75230,5.0,6.0,6988.0,2002.0,17000
Dallas,TX,75206,2.0,2.0,1610.0,2009.0,2100
Dallas,TX,75206,2.0,2.0,1550.0,1932.0,1985
Dallas,TX,75252,2.5,3.0,1820.0,1994.0,2195
Dallas,TX,75206,2.0,2.0,1550.0,1932.0,1985
Dallas,TX,75236,2.0,3.0,1254.0,1986.0,1450
Dallas,TX,75217,2.0,3.0,1404.0,2006.0,1429
Dallas,TX,75202,2.0,3.0,1552.0,2009.0,4987
Dallas,TX,75216,2.0,3.0,996.0,1950.0,1255
Dallas,TX,75252,2.5,3.0,1820.0,1994.0,2195
Dallas,TX,75217,2.0,3.0,1404.0,2006.0,1429
Dallas,TX,75206,3.0,3.0,1408.0,1973.0,2275
Dallas,TX,75235,1.0,1.0,635.0,1954.0,1050
Dallas,TX,75206,3.0,3.0,1408.0,1973.0,2275
Dallas,TX,75249,1.0,2.0,1056.0,1981.0,1195
Dallas,TX,75206,2.0,2.0,1096.0,1940.0,2200
Dallas,TX,75201,2.0,2.0,1225.0,1999.0,1955
Dallas,TX,75233,1.0,1.0,692.0,1969.0,825
Dallas,TX,75235,1.0,1.0,635.0,1954.0,1050
Dallas,TX,75206,2.0,2.0,1096.0,1940.0,2200
Dallas,TX,75218,2.0,3.0,1369.0,1951.0,1810
Dallas,TX,75287,2.0,2.0,1384.0,1986.0,1900
Dallas,TX,75218,2.0,3.0,1369.0,1951.0,1810
Dallas,TX,75249,2.0,3.0,1501.0,1985.0,1999
Dallas,TX,75206,1.5,2.0,1009.0,1982.0,1750
Dallas,TX,75204,2.0,2.0,1048.0,1984.0,1750
Dallas,TX,75216,1.0,2.0,774.0,1949.0,900
Dallas,TX,75204,2.0,2.0,1048.0,1984.0,1750
Dallas,TX,75287,2.0,2.0,1384.0,1986.0,1900
Dallas,TX,75206,1.5,2.0,1009.0,1982.0,1750
Dallas,TX,75238,1.5,3.0,1735.0,1955.0,2000
Dallas,TX,75225,2.0,2.0,2033.0,1961.0,2190
Dallas,TX,75238,1.5,3.0,1735.0,1955.0,2000
Dallas,TX,75249,2.0,3.0,1369.0,1976.0,1450
Dallas,TX,75227,1.0,,600.0,,750
Dallas,TX,75219,2.0,2.0,1115.0,2003.0,2300
Dallas,TX,75249,2.0,3.0,1369.0,1976.0,1450
Dallas,TX,75241,2.5,4.0,1589.0,2017.0,1700
Dallas,TX,75219,2.0,2.0,1115.0,2003.0,2300
Dallas,TX,75225,2.0,2.0,2033.0,1961.0,2190
Dallas,TX,75227,1.0,,600.0,,750
Dallas,TX,75206,2.5,2.0,1292.0,1982.0,1995
Dallas,TX,75220,2.0,3.0,1332.0,1952.0,2200
Dallas,TX,75206,2.5,2.0,1292.0,1982.0,1995
Dallas,TX,75214,2.0,2.0,1186.0,1931.0,1795
Dallas,TX,75219,2.5,3.0,3708.0,2007.0,4900
Dallas,TX,75241,2.0,4.0,1535.0,2005.0,1900
Dallas,TX,75219,2.5,3.0,3708.0,2007.0,4900
Dallas,TX,75241,2.0,4.0,1535.0,2005.0,1900
Dallas,TX,75214,2.0,2.0,1186.0,1931.0,1795
Dallas,TX,75220,2.0,3.0,1332.0,1952.0,2200
Dallas,TX,75228,2.5,4.0,1792.0,1963.0,1595
Dallas,TX,75219,2.5,2.0,1000.0,,1545
Dallas,TX,75228,2.5,4.0,1792.0,1963.0,1595
Dallas,TX,75246,1.0,1.0,750.0,1941.0,995
Dallas,TX,75208,1.0,2.0,1256.0,,1600
Dallas,TX,75216,2.0,3.0,1494.0,1945.0,1450
Dallas,TX,75208,1.0,2.0,1256.0,,1600
Dallas,TX,75216,2.0,3.0,1494.0,1945.0,1450
Dallas,TX,75246,1.0,1.0,750.0,1941.0,995
Dallas,TX,75219,2.5,2.0,1000.0,,1545
Dallas,TX,75231,1.0,1.0,625.0,,875
Dallas,TX,75252,2.5,4.0,2407.0,1987.0,2650
Dallas,TX,75231,1.0,1.0,625.0,,875
Dallas,TX,75201,3.5,3.0,2196.0,2013.0,3750
Dallas,TX,75227,2.0,1.0,1698.0,1949.0,500
Dallas,TX,75232,1.0,4.0,1055.0,1959.0,1525
Dallas,TX,75201,3.5,3.0,2196.0,2013.0,3750
Dallas,TX,75232,1.0,4.0,1055.0,1959.0,1525
Dallas,TX,75227,2.0,1.0,1698.0,1949.0,500
Dallas,TX,75252,2.5,4.0,2407.0,1987.0,2650
Dallas,TX,75206,1.0,2.0,1348.0,1938.0,1795
Dallas,TX,75229,2.5,3.0,1557.0,1969.0,1550
Dallas,TX,75206,1.0,2.0,1348.0,1938.0,1795
Dallas,TX,75211,1.0,2.0,1160.0,1950.0,1450
Dallas,TX,75227,2.0,4.0,1968.0,1999.0,1990
Dallas,TX,75216,1.0,2.0,1023.0,1952.0,1300
Dallas,TX,75211,1.0,2.0,1160.0,1950.0,1450
Dallas,TX,75216,1.0,2.0,1023.0,1952.0,1300
Dallas,TX,75227,2.0,4.0,1968.0,1999.0,1990
Dallas,TX,75229,2.5,3.0,1557.0,1969.0,1550
Dallas,TX,75214,1.0,2.0,1350.0,1951.0,1500
Dallas,TX,75230,2.0,2.0,2018.0,1974.0,2900
Dallas,TX,75214,1.0,2.0,1350.0,1951.0,1500
Dallas,TX,75211,1.0,2.0,832.0,1947.0,1385
Dallas,TX,75214,2.0,3.0,1587.0,,1950
Dallas,TX,75216,2.0,3.0,1328.0,1955.0,1500
Dallas,TX,75211,1.0,2.0,832.0,1947.0,1385
Dallas,TX,75216,2.0,3.0,1328.0,1955.0,1500
Dallas,TX,75214,2.0,3.0,1587.0,,1950
Dallas,TX,75230,2.0,2.0,2018.0,1974.0,2900
Dallas,TX,75218,3.0,4.0,1949.0,1956.0,2500
Dallas,TX,75230,3.0,3.0,2308.0,1979.0,3800
Dallas,TX,75218,3.0,4.0,1949.0,1956.0,2500
Dallas,TX,75219,1.5,1.0,787.0,1983.0,1400
Dallas,TX,75206,1.5,2.0,1273.0,1998.0,1885
Dallas,TX,75241,2.0,3.0,1534.0,2005.0,1495
Dallas,TX,75219,1.5,1.0,787.0,1983.0,1400
Dallas,TX,75241,2.0,3.0,1534.0,2005.0,1495
Dallas,TX,75206,1.5,2.0,1273.0,1998.0,1885
Dallas,TX,75230,3.0,3.0,2308.0,1979.0,3800
Dallas,TX,75243,2.0,1.0,894.0,1981.0,1025
Dallas,TX,75209,1.0,3.0,1300.0,1949.0,3800
Dallas,TX,75243,2.0,1.0,894.0,1981.0,1025
Dallas,TX,75208,1.0,3.0,1069.0,1950.0,1400
Dallas,TX,75206,2.5,2.0,1466.0,2008.0,2500
Dallas,TX,75216,1.0,3.0,1000.0,1954.0,1285
Dallas,TX,75208,1.0,3.0,1069.0,1950.0,1400
Dallas,TX,75216,1.0,3.0,1000.0,1954.0,1285
Dallas,TX,75206,2.5,2.0,1466.0,2008.0,2500
Dallas,TX,75209,1.0,3.0,1300.0,1949.0,3800
Dallas,TX,75218,2.0,2.0,1400.0,1963.0,1450
Dallas,TX,75225,1.0,1.0,962.0,1958.0,1550
Dallas,TX,75218,2.0,2.0,1400.0,1963.0,1450
Dallas,TX,75208,2.0,3.0,2724.0,1922.0,2875
Dallas,TX,75246,1.0,1.0,700.0,1959.0,1050
Dallas,TX,75232,2.0,4.0,2045.0,1963.0,1775
Dallas,TX,75208,2.0,3.0,2724.0,1922.0,2875
Dallas,TX,75232,2.0,4.0,2045.0,1963.0,1775
Dallas,TX,75246,1.0,1.0,700.0,1959.0,1050
Dallas,TX,75225,1.0,1.0,962.0,1958.0,1550
Dallas,TX,75231,2.0,2.0,1297.0,1979.0,1500
Dallas,TX,75287,2.0,3.0,2006.0,1987.0,2200
Dallas,TX,75231,2.0,2.0,1297.0,1979.0,1500
Dallas,TX,75219,1.0,1.0,782.0,2017.0,1800
Dallas,TX,75206,1.0,2.0,1280.0,1930.0,1595
Dallas,TX,75216,1.0,3.0,995.0,1946.0,1300
Dallas,TX,75204,2.0,2.0,1710.0,1981.0,3950
Dallas,TX,75216,1.0,3.0,995.0,1946.0,1300
Dallas,TX,75206,1.0,2.0,1280.0,1930.0,1595
Dallas,TX,75287,2.0,3.0,2006.0,1987.0,2200
Dallas,TX,75228,1.0,2.0,1156.0,1954.0,1600
Dallas,TX,75220,2.5,3.0,1510.0,,2415
Dallas,TX,75228,1.0,2.0,1156.0,1954.0,1600
Dallas,TX,75204,2.0,2.0,1710.0,1981.0,3950
Dallas,TX,75228,1.0,2.0,900.0,,1225
Dallas,TX,75241,2.0,4.0,1407.0,2003.0,1745
Dallas,TX,75208,1.0,1.0,420.0,1925.0,595
Dallas,TX,75241,2.0,4.0,1407.0,2003.0,1745
Dallas,TX,75228,1.0,2.0,900.0,,1225
Dallas,TX,75220,2.5,3.0,1510.0,,2415
Dallas,TX,75206,2.0,3.0,1818.0,1948.0,3400
Dallas,TX,75219,3.5,3.0,2620.0,,3600
Dallas,TX,75206,2.0,3.0,1818.0,1948.0,3400
Dallas,TX,75208,1.0,1.0,420.0,1925.0,595
Dallas,TX,75253,2.0,4.0,1712.0,2016.0,1750
Dallas,TX,75219,3.0,3.0,2675.0,2002.0,3650
Dallas,TX,75253,2.0,4.0,1712.0,2016.0,1750
Dallas,TX,75219,3.5,3.0,2620.0,,3600
Dallas,TX,75238,2.0,3.0,1832.0,1959.0,2300
Dallas,TX,75252,2.5,3.0,1940.0,1995.0,1995
Dallas,TX,75238,2.0,3.0,1832.0,1959.0,2300
Dallas,TX,75219,3.0,3.0,2675.0,2002.0,3650
Dallas,TX,75228,2.0,3.0,1662.0,1962.0,2500
Dallas,TX,75219,1.5,1.0,879.0,1953.0,1450
Dallas,TX,75228,2.0,3.0,1662.0,1962.0,2500
Dallas,TX,75252,2.5,3.0,1940.0,1995.0,1995
Dallas,TX,75243,2.0,3.0,1156.0,1974.0,1475
Dallas,TX,75252,2.5,4.0,1853.0,1984.0,2095
Dallas,TX,75243,2.0,3.0,1156.0,1974.0,1475
Dallas,TX,75219,1.5,1.0,879.0,1953.0,1450
Dallas,TX,75223,1.0,2.0,1330.0,1930.0,1995
Dallas,TX,75208,1.0,2.0,4152.0,1921.0,1000
Dallas,TX,75223,1.0,2.0,1330.0,1930.0,1995
Dallas,TX,75252,2.5,4.0,1853.0,1984.0,2095
Dallas,TX,75218,2.0,3.0,1700.0,1954.0,2300
Dallas,TX,75244,3.0,4.0,2356.0,1964.0,3200
Dallas,TX,75218,2.0,3.0,1700.0,1954.0,2300
Dallas,TX,75208,1.0,2.0,4152.0,1921.0,1000
Dallas,TX,75253,2.0,4.0,1757.0,2015.0,1750
Dallas,TX,75219,1.0,1.0,962.0,,1624
Dallas,TX,75253,2.0,4.0,1757.0,2015.0,1750
Dallas,TX,75244,3.0,4.0,2356.0,1964.0,3200
Dallas,TX,75218,2.0,2.0,1495.0,1968.0,1500
Dallas,TX,75254,1.5,1.0,1000.0,,1500
Dallas,TX,75218,2.0,2.0,1495.0,1968.0,1500
Dallas,TX,75219,1.0,1.0,962.0,,1624
Dallas,TX,75214,1.0,1.0,894.0,1909.0,1250
Dallas,TX,75206,2.5,2.0,1830.0,2008.0,2800
Dallas,TX,75214,1.0,1.0,894.0,1909.0,1250
Dallas,TX,75254,1.5,1.0,1000.0,,1500
Dallas,TX,75206,1.0,1.0,650.0,1962.0,900
Dallas,TX,75229,2.5,3.0,2208.0,1959.0,3000
Dallas,TX,75206,1.0,1.0,650.0,1962.0,900
Dallas,TX,75206,2.5,2.0,1830.0,2008.0,2800
Dallas,TX,75214,1.0,1.0,540.0,1957.0,995
Dallas,TX,75212,2.0,3.0,1657.0,2017.0,1995
Dallas,TX,75214,1.0,1.0,540.0,1957.0,995
Dallas,TX,75229,2.5,3.0,2208.0,1959.0,3000
Dallas,TX,75214,1.0,1.0,800.0,,1400
Dallas,TX,75235,2.5,2.0,1700.0,2013.0,2500
Dallas,TX,75214,1.0,1.0,800.0,,1400
Dallas,TX,75212,2.0,3.0,1657.0,2017.0,1995
Dallas,TX,75210,1.0,2.0,1200.0,1925.0,900
Dallas,TX,75204,1.0,2.0,1578.0,1997.0,1850
Dallas,TX,75210,1.0,2.0,1200.0,1925.0,900
Dallas,TX,75235,2.5,2.0,1700.0,2013.0,2500
Dallas,TX,75228,1.0,3.0,1108.0,1953.0,1750
Dallas,TX,75287,2.0,3.0,1881.0,1985.0,1950
Dallas,TX,75228,1.0,3.0,1108.0,1953.0,1750
Dallas,TX,75204,1.0,2.0,1578.0,1997.0,1850
Dallas,TX,75246,2.0,2.0,1042.0,,1650
Dallas,TX,75204,2.0,2.0,1300.0,1985.0,2250
Dallas,TX,75246,2.0,2.0,1042.0,,1650
Dallas,TX,75209,1.0,2.0,777.0,1944.0,1500
Dallas,TX,75231,5.0,4.0,3837.0,1981.0,4200
San Francisco,CA,94122,1.0,2.0,,,4500
San Francisco,CA,94116,1.0,2.0,,,2950
San Francisco,CA,94121,1.0,1.0,850.0,1983.0,3599
San Francisco,CA,94122,1.0,1.0,,1946.0,1900
San Francisco,CA,94122,1.0,2.0,1200.0,,3600
San Francisco,CA,94116,1.0,2.0,1600.0,1926.0,4250
San Francisco,CA,94116,1.0,1.0,550.0,,2295
San Francisco,CA,94122,1.0,2.0,800.0,1955.0,3200
San Francisco,CA,94121,1.0,1.0,,,1780
San Francisco,CA,94116,1.0,1.0,,,2250
San Francisco,CA,94116,2.0,4.0,1450.0,1936.0,5500
San Francisco,CA,94116,1.0,2.0,1200.0,,3300
San Francisco,CA,94122,2.5,4.0,1500.0,,3700
San Francisco,CA,94116,1.0,2.0,1500.0,,3595
San Francisco,CA,94121,2.0,3.0,,1991.0,5000
San Francisco,CA,94121,1.0,1.0,700.0,1931.0,3100
San Francisco,CA,94116,1.0,2.0,905.0,1951.0,3750
San Francisco,CA,94121,1.0,2.0,1300.0,,3350
San Francisco,CA,94121,1.0,2.0,865.0,,2950
San Francisco,CA,94122,2.5,2.0,1400.0,,3900
San Francisco,CA,94121,1.0,1.0,1784.0,1922.0,1900
San Francisco,CA,94121,1.0,,300.0,,1800
San Francisco,CA,94116,1.0,2.0,1150.0,,3200
San Francisco,CA,94122,2.0,3.0,1347.0,1964.0,3500
San Francisco,CA,94122,1.5,3.0,1500.0,1923.0,4650
San Francisco,CA,94122,1.0,2.0,1000.0,,3295
San Francisco,CA,94122,2.0,3.0,1637.0,1940.0,4600
San Francisco,CA,94122,2.0,3.0,900.0,,3695
San Francisco,CA,94122,1.0,1.0,500.0,,2479
San Francisco,CA,94121,1.0,1.0,750.0,,2195
San Francisco,CA,94116,1.0,2.0,,,3595
San Francisco,CA,94122,3.0,3.0,1682.0,1941.0,5490
San Francisco,CA,94122,1.0,3.0,1282.0,1913.0,4250
San Francisco,CA,94122,1.0,1.0,,,2200
San Francisco,CA,94122,1.0,2.0,1000.0,,3600
San Francisco,CA,94116,,,765.0,1958.0,2095
San Francisco,CA,94122,1.0,,450.0,,1900
San Francisco,CA,94121,1.0,,500.0,,2050
San Francisco,CA,94116,1.5,2.0,1000.0,1987.0,3400
San Francisco,CA,94122,1.0,1.0,,,2250
San Francisco,CA,94122,3.0,3.0,1859.0,2008.0,5850
San Francisco,CA,94116,1.5,3.0,1300.0,1937.0,3900
San Francisco,CA,94122,1.0,1.0,900.0,,2800
San Francisco,CA,94116,1.0,1.0,500.0,1925.0,1800
San Francisco,CA,94122,1.0,1.0,850.0,,2500
San Francisco,CA,94122,1.5,2.0,1380.0,1933.0,3700
San Francisco,CA,94116,2.0,2.0,700.0,1928.0,2750
San Francisco,CA,94122,1.0,3.0,,,3500
San Francisco,CA,94116,1.0,1.0,400.0,1940.0,2300
San Francisco,CA,94116,1.0,2.0,1200.0,,2950
San Francisco,CA,94121,3.0,5.0,2296.0,1921.0,6000
San Francisco,CA,94121,1.5,2.0,,,2599
San Francisco,CA,94122,1.0,2.0,,,3075
San Francisco,CA,94122,1.0,2.0,1350.0,1930.0,3995
San Francisco,CA,94121,1.0,2.0,1340.0,1948.0,3400
San Francisco,CA,94116,3.0,4.0,2200.0,1951.0,6250
San Francisco,CA,94122,2.0,4.0,1200.0,,5000
San Francisco,CA,94122,1.0,3.0,1360.0,1940.0,3850
San Francisco,CA,94121,2.0,3.0,1230.0,,3570
San Francisco,CA,94116,1.0,,,,1799
San Francisco,CA,94114,2.0,2.0,800.0,1910.0,3600
San Francisco,CA,94122,2.0,5.0,2400.0,1900.0,9000
San Francisco,CA,94117,1.0,1.0,700.0,,2900
San Francisco,CA,94117,1.0,1.0,318.0,1905.0,2050
San Francisco,CA,94114,1.0,,500.0,1903.0,1950
San Francisco,CA,94117,2.0,2.0,1066.0,1999.0,4200
San Francisco,CA,94114,1.0,1.0,800.0,,3200
San Francisco,CA,94122,1.0,1.0,,,2000
San Francisco,CA,94117,1.0,1.0,,,3495
San Francisco,CA,94122,1.0,,,,2099
San Francisco,CA,94122,1.0,1.0,,,2500
San Francisco,CA,94122,3.0,6.0,2100.0,,6000
San Francisco,CA,94114,1.0,1.0,,,2695
San Francisco,CA,94122,2.0,2.0,1600.0,2002.0,4200
San Francisco,CA,94122,1.0,1.0,715.0,1955.0,2900
San Francisco,CA,94114,1.0,2.0,1100.0,,3800
San Francisco,CA,94117,1.0,2.0,,,2900
San Francisco,CA,94131,1.0,1.0,750.0,,2700
San Francisco,CA,94131,1.0,,775.0,,2900
San Francisco,CA,94117,1.0,3.0,1400.0,,4500
San Francisco,CA,94114,2.0,3.0,1700.0,,5595
San Francisco,CA,94117,1.0,,,,2350
San Francisco,CA,94117,2.0,3.0,1500.0,,4400
San Francisco,CA,94117,1.0,1.0,700.0,,2600
San Francisco,CA,94117,2.0,3.0,1700.0,1904.0,6995
San Francisco,CA,94116,3.0,5.0,1718.0,1938.0,6950
San Francisco,CA,94117,2.0,3.0,,,5695
San Francisco,CA,94117,2.0,3.0,2202.0,1911.0,6700
San Francisco,CA,94122,1.0,1.0,,,2595
San Francisco,CA,94131,3.0,3.0,1436.0,1958.0,5000
San Francisco,CA,94117,3.0,3.0,1500.0,1908.0,5550
San Francisco,CA,94114,1.0,1.0,,,3195
San Francisco,CA,94114,1.5,2.0,1325.0,,5250
San Francisco,CA,94122,1.0,2.0,,,3250
San Francisco,CA,94122,2.0,4.0,1480.0,,4195
San Francisco,CA,94114,1.0,2.0,850.0,1965.0,3595
San Francisco,CA,94121,1.0,2.0,550.0,,2385
San Francisco,CA,94114,1.0,3.0,,,3995
San Francisco,CA,94117,2.0,4.0,1000.0,,4400
San Francisco,CA,94114,1.0,1.0,800.0,1965.0,2850
San Francisco,CA,94117,1.0,1.0,700.0,1900.0,2495
San Francisco,CA,94114,1.0,1.0,,1958.0,2795
San Francisco,CA,94118,1.0,1.0,500.0,,2150
San Francisco,CA,94117,1.0,1.0,700.0,,3300
San Francisco,CA,94122,1.0,1.0,,,2395
San Francisco,CA,94117,1.0,2.0,700.0,,3450
San Francisco,CA,94114,1.0,1.0,,,2900
San Francisco,CA,94122,1.0,,500.0,,2500
San Francisco,CA,94116,1.0,,300.0,1926.0,1800
San Francisco,CA,94122,3.0,4.0,2124.0,1951.0,6000
San Francisco,CA,94122,1.0,,350.0,,1550
San Francisco,CA,94114,2.0,4.0,1949.0,1939.0,7500
San Francisco,CA,94122,1.0,2.0,9999.0,1963.0,3200
San Francisco,CA,94117,1.0,,550.0,1900.0,1895
San Francisco,CA,94117,1.0,1.0,,,2950
San Francisco,CA,94114,1.0,2.0,1000.0,,3550
San Francisco,CA,94114,2.0,3.0,1500.0,,5800
San Francisco,CA,94122,2.0,3.0,1200.0,,3600
San Francisco,CA,94122,1.0,3.0,1221.0,1940.0,4000
San Francisco,CA,94122,1.0,1.0,,,2750
San Francisco,CA,94122,1.0,1.0,601.0,1960.0,2400
San Francisco,CA,94114,1.0,,250.0,,1875
San Francisco,CA,94114,1.0,2.0,,,3950
San Francisco,CA,94114,1.0,1.0,750.0,1913.0,3200
San Francisco,CA,94117,1.0,,,,2195
San Francisco,CA,94117,1.0,1.0,,,2545
San Francisco,CA,94117,1.0,,,1913.0,1925
San Francisco,CA,94117,2.0,3.0,1342.0,1958.0,4995
San Francisco,CA,94114,2.0,3.0,925.0,,3995
San Francisco,CA,94117,2.0,4.0,1200.0,,5195
San Francisco,CA,94117,2.5,3.0,1960.0,1902.0,8500
San Francisco,CA,94116,1.5,2.0,1550.0,1926.0,3800
San Francisco,CA,94114,1.0,,411.0,,2095
San Francisco,CA,94117,1.0,2.0,1011.0,1900.0,3750
San Francisco,CA,94116,2.5,3.0,1493.0,2001.0,3795
San Francisco,CA,94131,2.0,2.0,1100.0,,3395
San Francisco,CA,94117,2.5,4.0,2300.0,,7985
San Francisco,CA,94117,3.0,3.0,1200.0,,4995
San Francisco,CA,94131,1.0,2.0,1200.0,1907.0,4095
San Francisco,CA,94116,1.0,3.0,,,3500
San Francisco,CA,94117,1.0,2.0,,1905.0,2498
San Francisco,CA,94114,1.0,,,,2095
San Francisco,CA,94117,1.0,,450.0,,2095
San Francisco,CA,94122,1.0,2.0,758.0,,3400
San Francisco,CA,94114,1.0,1.0,,,2700
San Francisco,CA,94122,1.0,1.0,,,2495
San Francisco,CA,94114,2.0,2.0,,,4700
San Francisco,CA,94131,1.0,1.0,,,2000
San Francisco,CA,94131,1.0,1.0,800.0,1886.0,2500
San Francisco,CA,94122,1.0,1.0,,,2795
San Francisco,CA,94116,3.0,3.0,,,3500
San Francisco,CA,94118,1.0,3.0,,1988.0,3200
San Francisco,CA,94117,2.0,2.0,1250.0,,4950
San Francisco,CA,94117,1.0,1.0,515.0,,1995
San Francisco,CA,94117,1.0,1.0,,,4895
San Francisco,CA,94117,1.0,1.0,,1904.0,2700
San Francisco,CA,94117,1.0,1.0,500.0,,2345
San Francisco,CA,94122,1.0,1.0,,,2650
San Francisco,CA,94131,,,592.0,1972.0,2495
San Francisco,CA,94114,1.0,1.0,,,2500
San Francisco,CA,94122,1.0,,450.0,,2300
San Francisco,CA,94114,1.0,1.0,730.0,,2700
San Francisco,CA,94117,1.0,2.0,900.0,,3400
San Francisco,CA,94117,1.0,2.0,1000.0,,2895
San Francisco,CA,94114,1.0,,6040.0,1908.0,2500
San Francisco,CA,94116,1.0,1.0,650.0,1926.0,2998
San Francisco,CA,94114,2.0,3.0,1700.0,,7500
San Francisco,CA,94122,1.0,2.0,,,2850
San Francisco,CA,94122,1.0,2.0,2700.0,1980.0,4400
San Francisco,CA,94118,1.0,1.0,550.0,1964.0,2450
San Francisco,CA,94117,1.0,1.0,,,2500
San Francisco,CA,94114,2.0,2.0,1000.0,,4900
San Francisco,CA,94116,1.0,1.0,600.0,,1950
San Francisco,CA,94122,2.0,3.0,870.0,2002.0,4000
San Francisco,CA,94117,3.0,4.0,,,6395
San Francisco,CA,94122,1.0,1.0,,,2995
San Francisco,CA,94117,1.0,1.0,700.0,,2900
San Francisco,CA,94118,2.0,3.0,,,3795
San Francisco,CA,94117,1.0,2.0,,1907.0,3795
San Francisco,CA,94117,1.0,3.0,1800.0,1901.0,4700
San Francisco,CA,94122,1.0,2.0,768.0,,3095
San Francisco,CA,94117,1.5,3.0,,,6250
San Francisco,CA,94118,1.0,2.0,900.0,1996.0,3200
San Francisco,CA,94117,1.0,1.0,600.0,,2500
San Francisco,CA,94118,2.0,5.0,1600.0,1906.0,6900
San Francisco,CA,94131,2.0,3.0,2012.0,1948.0,7800
San Francisco,CA,94122,1.0,2.0,1450.0,1940.0,2100
San Francisco,CA,94117,1.0,2.0,,,4250
San Francisco,CA,94122,1.0,,,,2200
San Francisco,CA,94117,1.0,1.0,650.0,,2599
San Francisco,CA,94131,2.0,1.0,800.0,1961.0,3200
San Francisco,CA,94114,1.0,3.0,1600.0,,5300
San Francisco,CA,94114,1.0,2.0,800.0,,3300
San Francisco,CA,94131,1.0,,592.0,,2800
San Francisco,CA,94114,2.0,2.0,1700.0,,4400
San Francisco,CA,94114,1.0,2.0,,,3800
San Francisco,CA,94117,1.5,2.0,,,5500
San Francisco,CA,94117,1.0,,,,1900
San Francisco,CA,94118,1.0,2.0,,,3100
San Francisco,CA,94131,1.0,,375.0,,1895
San Francisco,CA,94114,3.0,6.0,,,10497
San Francisco,CA,94114,2.5,3.0,1850.0,1908.0,7750
San Francisco,CA,94122,1.0,2.0,750.0,1965.0,2895
San Francisco,CA,94117,2.0,3.0,2283.0,1900.0,6500
San Francisco,CA,94131,1.0,1.0,600.0,,2250
San Francisco,CA,94117,1.0,1.0,,1908.0,2800
San Francisco,CA,94122,1.0,1.0,,,2100
San Francisco,CA,94131,2.0,3.0,1360.0,1960.0,5030
San Francisco,CA,94114,1.0,1.0,,1960.0,2450
San Francisco,CA,94117,1.0,,550.0,,2450
San Francisco,CA,94117,1.0,1.0,,,2450
San Francisco,CA,94117,1.0,,,,2050
San Francisco,CA,94122,2.0,2.0,,,3495
San Francisco,CA,94122,1.0,2.0,,,2600
San Francisco,CA,94116,1.0,3.0,1200.0,,3600
San Francisco,CA,94114,1.0,1.0,600.0,1961.0,2975
San Francisco,CA,94114,1.0,2.0,1100.0,,3500
San Francisco,CA,94122,1.0,1.0,,,1450
San Francisco,CA,94117,1.0,3.0,1225.0,,4150
San Francisco,CA,94114,1.0,1.0,825.0,,2800
San Francisco,CA,94122,1.5,2.0,1100.0,,3300
San Francisco,CA,94114,3.0,3.0,2570.0,1940.0,29000
San Francisco,CA,94117,1.0,1.0,650.0,,3500
San Francisco,CA,94122,1.0,1.0,700.0,,2500
San Francisco,CA,94117,1.0,,600.0,,2600
San Francisco,CA,94117,1.0,1.0,,1908.0,2498
San Francisco,CA,94117,1.0,1.0,,,2698
San Francisco,CA,94122,2.0,3.0,,,4000
San Francisco,CA,94114,1.0,2.0,1100.0,1890.0,5395
San Francisco,CA,94117,2.0,2.0,1030.0,1986.0,5495
San Francisco,CA,94131,2.5,3.0,2350.0,1948.0,6800
San Francisco,CA,94117,2.0,3.0,1700.0,,6995
San Francisco,CA,94117,1.0,1.0,,,2700
San Francisco,CA,94114,1.0,1.0,,,2450
San Francisco,CA,94117,1.0,1.0,660.0,,2800
San Francisco,CA,94122,1.0,,,,2150
San Francisco,CA,94117,1.5,3.0,1500.0,,4850
San Francisco,CA,94117,1.0,3.0,,,4195
San Francisco,CA,94131,3.5,4.0,2800.0,1914.0,7650
San Francisco,CA,94131,3.0,3.0,1650.0,,5995
San Francisco,CA,94122,1.0,2.0,900.0,,3250
San Francisco,CA,94121,2.0,2.0,1350.0,2007.0,4100
San Francisco,CA,94117,1.0,1.0,,,2895
San Francisco,CA,94117,1.0,3.0,1500.0,,4595
San Francisco,CA,94114,1.0,1.0,600.0,,2950
San Francisco,CA,94116,1.0,2.0,,1975.0,2920
San Francisco,CA,94117,1.0,1.0,811.0,1924.0,3650
San Francisco,CA,94117,2.0,3.0,1900.0,,6300
San Francisco,CA,94117,1.0,1.0,750.0,1904.0,2375
San Francisco,CA,94131,1.0,1.0,725.0,,3100
San Francisco,CA,94114,1.0,2.0,1000.0,,4150
San Francisco,CA,94114,1.0,1.0,780.0,,2650
San Francisco,CA,94114,2.0,3.0,,,4495
San Francisco,CA,94117,1.0,1.0,600.0,,2425
San Francisco,CA,94117,1.5,4.0,,,4800
San Francisco,CA,94131,3.5,4.0,2500.0,1980.0,8400
San Francisco,CA,94122,1.0,3.0,1630.0,1938.0,4500
San Francisco,CA,94114,1.0,2.0,1180.0,1925.0,7495
San Francisco,CA,94114,1.0,1.0,800.0,1941.0,3500
San Francisco,CA,94116,1.0,,600.0,1926.0,1800
San Francisco,CA,94117,1.0,2.0,,1909.0,3195
San Francisco,CA,94122,1.0,1.0,,,2595
San Francisco,CA,94114,1.0,2.0,1033.0,,3790
San Francisco,CA,94117,2.0,5.0,,,6895
San Francisco,CA,94114,2.0,3.0,2000.0,,7900
San Francisco,CA,94121,2.0,3.0,1300.0,,4195
San Francisco,CA,94117,1.0,1.0,829.0,,3495
San Francisco,CA,94122,1.0,1.0,,,2299
San Francisco,CA,94116,1.0,,429.0,,2195
San Francisco,CA,94121,1.0,,,,2000
San Francisco,CA,94131,1.0,1.0,800.0,1956.0,2300
San Francisco,CA,94117,1.0,,465.0,,2795
San Francisco,CA,94114,1.0,1.0,300.0,,1650
San Francisco,CA,94131,1.5,2.0,1200.0,1981.0,3600
San Francisco,CA,94117,1.0,1.0,,,2495
San Francisco,CA,94114,1.0,2.0,767.0,1965.0,3750
San Francisco,CA,94114,1.0,2.0,,,4150
San Francisco,CA,94116,2.0,3.0,1075.0,1948.0,5500
San Francisco,CA,94117,5.5,5.0,6350.0,1907.0,17000
San Francisco,CA,94117,1.0,3.0,,,6230
San Francisco,CA,94131,3.0,4.0,2000.0,1956.0,5995
San Francisco,CA,94122,1.0,1.0,,,2300
San Francisco,CA,94122,2.0,4.0,1600.0,,5500
San Francisco,CA,94122,1.0,2.0,750.0,,2475
San Francisco,CA,94122,1.0,2.0,330.0,,2600
San Francisco,CA,94131,1.0,1.0,700.0,,2395
San Francisco,CA,94114,1.0,1.0,,,2795
San Francisco,CA,94114,1.0,2.0,1000.0,1907.0,3700
San Francisco,CA,94117,1.0,1.0,670.0,,2650
San Francisco,CA,94117,3.0,7.0,4000.0,,9995
San Francisco,CA,94117,1.0,1.0,,,2895
San Francisco,CA,94117,1.0,1.0,1000.0,,3400
San Francisco,CA,94122,1.0,1.0,,,1700
San Francisco,CA,94117,1.0,2.0,,,2995
San Francisco,CA,94114,1.0,1.0,,,2995
San Francisco,CA,94131,1.0,,600.0,1961.0,2000
San Francisco,CA,94122,1.0,2.0,1187.0,1924.0,4600
San Francisco,CA,94131,2.0,3.0,1400.0,1947.0,6950
San Francisco,CA,94117,1.0,2.0,850.0,,3400
San Francisco,CA,94122,1.0,1.0,580.0,,2700
San Francisco,CA,94131,3.0,5.0,2083.0,1959.0,7500
San Francisco,CA,94131,1.0,2.0,900.0,,2999
San Francisco,CA,94122,1.0,3.0,1350.0,,3750
San Francisco,CA,94117,1.5,4.0,1275.0,1909.0,4995
San Francisco,CA,94117,1.0,1.0,527.0,1908.0,2495
San Francisco,CA,94116,3.5,4.0,2900.0,1924.0,8000
San Francisco,CA,94117,2.0,4.0,2250.0,1942.0,7000
San Francisco,CA,94131,1.0,1.0,744.0,1972.0,2595
San Francisco,CA,94117,1.0,1.0,955.0,1946.0,3500
San Francisco,CA,94118,1.0,1.0,950.0,,2895
San Francisco,CA,94114,1.0,1.0,,,2900
San Francisco,CA,94117,1.0,1.0,,,2395
San Francisco,CA,94122,2.0,2.0,1200.0,1941.0,4500
San Francisco,CA,94122,2.0,3.0,1600.0,,3850
San Francisco,CA,94122,1.0,2.0,,,2600
San Francisco,CA,94117,1.0,3.0,1200.0,1900.0,5200
San Francisco,CA,94117,1.0,3.0,,1911.0,4500
San Francisco,CA,94117,1.0,1.0,750.0,,2650
San Francisco,CA,94118,3.0,6.0,2270.0,1910.0,7900
San Francisco,CA,94117,2.0,4.0,1800.0,,5500
San Francisco,CA,94122,2.0,2.0,800.0,,2800
San Francisco,CA,94114,1.5,3.0,1925.0,1890.0,5400
San Francisco,CA,94122,2.0,3.0,1700.0,,6500
San Francisco,CA,94118,1.0,2.0,800.0,,3000
San Francisco,CA,94117,1.0,1.0,650.0,,2900
San Francisco,CA,94117,1.0,1.0,740.0,,2495
San Francisco,CA,94114,1.0,1.0,450.0,1922.0,2590
San Francisco,CA,94117,1.0,2.0,,,3650
San Francisco,CA,94114,1.5,2.0,1156.0,,4500
San Francisco,CA,94117,2.0,3.0,1200.0,,4300
San Francisco,CA,94122,1.0,2.0,,,2595
San Francisco,CA,94122,1.0,2.0,1000.0,,2750
San Francisco,CA,94121,1.0,2.0,,,2950
San Francisco,CA,94117,1.0,3.0,1500.0,,4295
San Francisco,CA,94131,2.5,3.0,1731.0,1977.0,5100
San Francisco,CA,94122,1.5,3.0,,,3300
San Francisco,CA,94114,1.0,3.0,,,4300
San Francisco,CA,94117,1.0,1.0,650.0,1923.0,2245
San Francisco,CA,94118,1.0,2.0,1250.0,,3595
San Francisco,CA,94114,1.0,,261.0,,2095
San Francisco,CA,94131,3.5,4.0,3054.0,2014.0,12000
San Francisco,CA,94127,2.0,3.0,1752.0,1951.0,4195
San Francisco,CA,94117,1.0,1.0,700.0,,2395
San Francisco,CA,94122,1.0,2.0,700.0,,2300
San Francisco,CA,94114,1.0,2.0,1050.0,1900.0,3995
San Francisco,CA,94131,1.0,1.0,1600.0,1975.0,1800
San Francisco,CA,94117,1.0,1.0,600.0,,2350
San Francisco,CA,94122,1.0,2.0,1050.0,,3495
San Francisco,CA,94122,1.0,1.0,500.0,1991.0,2100
San Francisco,CA,94131,2.0,2.0,1175.0,,3300
San Francisco,CA,94118,1.0,1.0,930.0,1906.0,3290
San Francisco,CA,94117,2.0,3.0,1165.0,,4000
San Francisco,CA,94131,3.5,6.0,2900.0,1962.0,9500
San Francisco,CA,94131,1.0,1.0,,,2300
San Francisco,CA,94117,1.5,4.0,1500.0,,4600
San Francisco,CA,94117,1.0,1.0,,,2495
San Francisco,CA,94131,1.0,1.0,750.0,,3095
San Francisco,CA,94117,2.0,4.0,,,5395
San Francisco,CA,94122,1.0,1.0,,,2095
San Francisco,CA,94114,1.0,,600.0,1910.0,1950
San Francisco,CA,94122,1.0,3.0,,1909.0,4195
San Francisco,CA,94114,1.0,,,1909.0,2395
San Francisco,CA,94117,1.0,1.0,575.0,,3000
San Francisco,CA,94116,1.0,2.0,1138.0,,3800
San Francisco,CA,94117,1.0,,,,2000
San Francisco,CA,94118,1.0,1.0,900.0,,2695
San Francisco,CA,94122,2.0,4.0,1800.0,1900.0,4750
San Francisco,CA,94114,1.0,1.0,619.0,1964.0,2775
San Francisco,CA,94131,1.0,,310.0,,1695
San Francisco,CA,94122,1.0,1.0,,,2700
San Francisco,CA,94114,1.0,3.0,1300.0,,4750
San Francisco,CA,94114,2.0,2.0,1100.0,1975.0,5475
San Francisco,CA,94122,1.0,2.0,,,3299
San Francisco,CA,94116,1.0,2.0,914.0,1931.0,3750
San Francisco,CA,94122,1.0,,650.0,,2550
San Francisco,CA,94114,1.0,3.0,1300.0,1900.0,5200
San Francisco,CA,94114,4.0,6.0,3200.0,,12500
San Francisco,CA,94114,2.0,2.0,1578.0,1981.0,5000
San Francisco,CA,94117,2.0,3.0,2200.0,1941.0,7950
San Francisco,CA,94117,1.0,2.0,,,3200
San Francisco,CA,94117,2.0,4.0,,,5595
San Francisco,CA,94116,1.0,2.0,,,3100
San Francisco,CA,94117,1.0,1.0,500.0,,2395
San Francisco,CA,94114,1.5,2.0,940.0,1900.0,4575
San Francisco,CA,94114,1.0,1.0,800.0,1933.0,3000
San Francisco,CA,94117,1.0,,390.0,,2100
San Francisco,CA,94116,1.0,2.0,700.0,1924.0,2495
San Francisco,CA,94121,1.0,2.0,,,2800
San Francisco,CA,94114,1.0,2.0,1200.0,,4100
San Francisco,CA,94114,1.0,,500.0,,1995
San Francisco,CA,94122,1.0,2.0,700.0,1939.0,2800
San Francisco,CA,94131,1.0,1.0,830.0,1972.0,2500
San Francisco,CA,94117,1.0,1.0,,,2900
San Francisco,CA,94114,1.0,1.0,,,2400
San Francisco,CA,94117,3.0,3.0,2000.0,,6390
San Francisco,CA,94117,1.0,1.0,550.0,,2295
San Francisco,CA,94117,2.5,4.0,4758.0,1900.0,7200
San Francisco,CA,94117,1.0,2.0,,,4095
San Francisco,CA,94117,1.0,1.0,,,2195
San Francisco,CA,94122,1.0,2.0,440.0,,2950
San Francisco,CA,94118,1.0,3.0,1000.0,,3400
San Francisco,CA,94117,1.0,2.0,,,3395
San Francisco,CA,94117,1.0,2.0,,,2995
San Francisco,CA,94114,1.0,1.0,659.0,,3095
San Francisco,CA,94122,1.5,2.0,770.0,1939.0,2400
San Francisco,CA,94122,1.0,3.0,1630.0,1932.0,3500
San Francisco,CA,94116,1.0,,336.0,,1650
San Francisco,CA,94122,1.0,1.0,650.0,,2750
San Francisco,CA,94117,1.0,1.0,192.0,,1450
San Francisco,CA,94121,1.5,3.0,1100.0,1974.0,3000
San Francisco,CA,94118,1.0,3.0,1340.0,,4800
San Francisco,CA,94117,4.0,4.0,3074.0,1900.0,25000
San Francisco,CA,94117,1.0,2.0,,,3950
San Francisco,CA,94117,1.0,3.0,1800.0,1917.0,4595
San Francisco,CA,94117,1.0,2.0,,,3599
San Francisco,CA,94117,1.0,2.0,700.0,1959.0,3375
San Francisco,CA,94117,1.5,3.0,1500.0,,4995
San Francisco,CA,94122,1.0,3.0,,,4700
San Francisco,CA,94122,2.5,3.0,1638.0,1966.0,5000
San Francisco,CA,94117,1.0,2.0,850.0,,3495
San Francisco,CA,94114,4.0,4.0,2658.0,1900.0,13000
San Francisco,CA,94117,1.0,,468.0,,2695
San Francisco,CA,94117,1.0,2.0,814.0,1912.0,3100
San Francisco,CA,94122,1.0,1.0,,,2250
San Francisco,CA,94117,1.0,2.0,,,2950
San Francisco,CA,94114,1.0,,600.0,,2100
San Francisco,CA,94122,1.0,1.0,400.0,,2250
San Francisco,CA,94122,1.0,1.0,,1965.0,2395
San Francisco,CA,94117,2.0,3.0,1800.0,1906.0,5500
San Francisco,CA,94117,1.0,4.0,1300.0,,5500
San Francisco,CA,94117,1.0,3.0,1350.0,,4400
San Francisco,CA,94117,1.0,3.0,1200.0,,5400
San Francisco,CA,94122,1.0,1.0,,,2695
San Francisco,CA,94117,2.0,4.0,,,4595
San Francisco,CA,94117,1.0,1.0,650.0,,2700
San Francisco,CA,94117,1.5,4.0,1750.0,1908.0,5500
San Francisco,CA,94117,1.0,2.0,850.0,,3695
San Francisco,CA,94122,1.0,,380.0,,1875
San Francisco,CA,94122,1.5,3.0,1300.0,1905.0,4399
San Francisco,CA,94117,1.0,1.0,690.0,,2700
San Francisco,CA,94114,1.0,1.0,,,3500
San Francisco,CA,94118,1.0,2.0,904.0,,3550
San Francisco,CA,94131,4.0,4.0,3480.0,,18000
San Francisco,CA,94117,1.0,2.0,1600.0,,4975
San Francisco,CA,94114,1.0,1.0,700.0,,3250
San Francisco,CA,94131,2.0,2.0,1800.0,1979.0,4750
San Francisco,CA,94114,1.0,1.0,,,2950
San Francisco,CA,94122,1.0,2.0,850.0,,2850
San Francisco,CA,94117,1.0,1.0,,,2995
San Francisco,CA,94132,1.5,3.0,1350.0,1951.0,4100
San Francisco,CA,94116,2.5,5.0,1613.0,1908.0,5500
San Francisco,CA,94114,2.0,3.0,2000.0,,7500
San Francisco,CA,94116,1.0,1.0,,,2450
San Francisco,CA,94122,1.0,2.0,,,3149
San Francisco,CA,94132,2.0,3.0,,,4500
San Francisco,CA,94114,1.0,1.0,700.0,,3000
San Francisco,CA,94122,1.0,3.0,,,3875
San Francisco,CA,94116,2.0,4.0,1680.0,1954.0,4000
San Francisco,CA,94116,2.0,3.0,1664.0,1948.0,4150
San Francisco,CA,94116,1.0,1.0,,1950.0,1800
San Francisco,CA,94132,4.0,4.0,,,6000
San Francisco,CA,94132,3.0,3.0,1613.0,1950.0,5000
San Francisco,CA,94116,3.0,6.0,1375.0,1947.0,5500
San Francisco,CA,94112,2.0,3.0,2000.0,1981.0,4844
San Francisco,CA,94112,1.0,1.0,,,1800
San Francisco,CA,94112,1.0,3.0,1125.0,1927.0,3300
San Francisco,CA,94112,2.0,3.0,1668.0,1947.0,2700
San Francisco,CA,94132,1.0,1.0,350.0,,1900
San Francisco,CA,94127,1.0,2.0,950.0,,3500
San Francisco,CA,94112,2.0,3.0,1415.0,1961.0,4500
San Francisco,CA,94127,3.0,4.0,2723.0,1942.0,6900
San Francisco,CA,94127,1.0,1.0,,,3800
San Francisco,CA,94132,2.0,2.0,1242.0,1975.0,3495
San Francisco,CA,94112,1.0,2.0,750.0,1940.0,2200
San Francisco,CA,94127,2.0,3.0,1324.0,1948.0,4500
San Francisco,CA,94112,1.0,2.0,1194.0,,2150
San Francisco,CA,94112,2.0,3.0,1300.0,,4100
San Francisco,CA,94132,3.0,3.0,1401.0,,6889
San Francisco,CA,94132,1.0,1.0,790.0,,1800
San Francisco,CA,94112,1.0,1.0,530.0,,2100
San Francisco,CA,94112,2.5,3.0,1500.0,1930.0,3800
San Francisco,CA,94131,2.0,2.0,1200.0,,3600
San Francisco,CA,94112,1.0,1.0,466.0,,1995
San Francisco,CA,94127,1.0,1.0,650.0,,2500
San Francisco,CA,94112,1.0,3.0,1300.0,1928.0,3600
San Francisco,CA,94112,1.0,,,,1695
San Francisco,CA,94112,1.0,1.0,573.0,1910.0,2600
San Francisco,CA,94112,2.0,3.0,2000.0,1926.0,4950
San Francisco,CA,94112,2.0,3.0,1400.0,1981.0,3600
San Francisco,CA,94112,1.0,1.0,515.0,,2700
San Francisco,CA,94127,1.0,2.0,1510.0,1926.0,4950
San Francisco,CA,94116,2.0,2.0,1100.0,,3200
San Francisco,CA,94132,1.0,3.0,1605.0,1964.0,4450
San Francisco,CA,94112,1.0,2.0,1325.0,1939.0,3100
San Francisco,CA,94112,2.0,2.0,1000.0,,3400
San Francisco,CA,94112,2.0,4.0,1000.0,1907.0,4000
San Francisco,CA,94110,1.0,1.0,550.0,,2600
San Francisco,CA,94134,1.0,1.0,480.0,1922.0,2900
San Francisco,CA,94132,1.0,2.0,849.0,1958.0,3500
San Francisco,CA,94110,2.0,3.0,,1990.0,4300
Seattle,WA,98104,1.0,1.0,500.0,,1100
Seattle,WA,98126,1.0,1.0,600.0,,1300
Seattle,WA,98178,2.0,3.0,2020.0,1960.0,2595
Seattle,WA,98136,1.0,1.0,654.0,2001.0,1850
Seattle,WA,98122,3.0,3.0,1665.0,,3500
Seattle,WA,98144,1.0,,350.0,,1250
Seattle,WA,98106,1.0,2.0,960.0,1947.0,2200
Seattle,WA,98118,1.0,2.0,650.0,,1695
Seattle,WA,98116,1.0,2.0,1000.0,1938.0,2300
Seattle,WA,98104,1.0,1.0,660.0,1985.0,1500
Seattle,WA,98122,3.5,4.0,1880.0,2007.0,4100
Seattle,WA,98136,2.0,2.0,1120.0,,2150
Seattle,WA,98104,1.0,,1206.0,,2295
Seattle,WA,98116,1.0,,330.0,,1345
Seattle,WA,98121,1.0,1.0,704.0,1998.0,1900
Seattle,WA,98122,3.0,3.0,1590.0,1961.0,3480
Seattle,WA,98122,2.5,3.0,1400.0,,3150
Seattle,WA,98108,1.0,1.0,,,1325
Seattle,WA,98122,1.0,1.0,900.0,,2200
Seattle,WA,98144,1.0,2.0,950.0,,1495
Seattle,WA,98122,1.0,2.0,1250.0,1915.0,2175
Seattle,WA,98136,1.0,1.0,700.0,1951.0,1795
Seattle,WA,98144,1.0,3.0,1425.0,1925.0,3395
Seattle,WA,98122,1.0,2.0,750.0,,1995
Seattle,WA,98144,1.0,2.0,900.0,,1895
Seattle,WA,98122,2.5,3.0,1900.0,,4700
Seattle,WA,98118,2.0,4.0,1900.0,1906.0,3650
Seattle,WA,98136,2.0,2.0,996.0,1988.0,2295
Seattle,WA,98118,1.0,1.0,520.0,,1150
Seattle,WA,98118,5.5,5.0,5000.0,1923.0,5995
Seattle,WA,98144,2.0,2.0,980.0,1901.0,2450
Seattle,WA,98118,1.5,3.0,1000.0,,3450
Seattle,WA,98122,1.0,1.0,700.0,1927.0,1295
Seattle,WA,98118,1.0,1.0,260.0,1971.0,900
Seattle,WA,98144,2.0,3.0,1200.0,1949.0,2950
Seattle,WA,98144,3.5,3.0,1650.0,2007.0,3200
Seattle,WA,98144,1.0,1.0,1000.0,,1850
Seattle,WA,98144,1.0,3.0,1250.0,,2270
Seattle,WA,98118,1.0,1.0,700.0,,1625
Seattle,WA,98106,2.0,3.0,1540.0,1945.0,2800
Seattle,WA,98118,1.0,1.0,700.0,,1595
Seattle,WA,98136,2.0,3.0,2360.0,1964.0,5950
Seattle,WA,98118,1.0,1.0,700.0,,1595
Seattle,WA,98108,1.0,1.0,800.0,1952.0,1295
Seattle,WA,98116,1.5,3.0,1490.0,1943.0,2975
Seattle,WA,98108,1.0,1.0,800.0,1952.0,1295
Seattle,WA,98106,2.0,3.0,1540.0,1945.0,2800
Seattle,WA,98108,1.0,2.0,1300.0,1907.0,2200
Seattle,WA,98126,2.0,2.0,1600.0,1916.0,2495
Seattle,WA,98108,1.0,2.0,1300.0,1907.0,2200
Seattle,WA,98144,1.0,2.0,700.0,,1850
Seattle,WA,98144,1.0,2.0,700.0,,1850
Seattle,WA,98106,1.5,2.0,1140.0,1918.0,2295
Seattle,WA,98118,1.0,2.0,1500.0,2015.0,1500
Seattle,WA,98118,1.0,2.0,1500.0,2015.0,1500
Seattle,WA,98116,2.0,4.0,2400.0,1947.0,3600
Seattle,WA,98122,1.0,2.0,900.0,,1395
Seattle,WA,98122,1.0,2.0,900.0,,1395
Seattle,WA,98126,1.0,2.0,1540.0,1922.0,2295
Seattle,WA,98122,2.0,2.0,1310.0,2016.0,3400
Seattle,WA,98122,2.0,2.0,1310.0,2016.0,3400
Seattle,WA,98116,1.0,2.0,1000.0,,1950
Seattle,WA,98125,1.0,1.0,800.0,,1250
Seattle,WA,98144,1.0,2.0,1100.0,,2200
Seattle,WA,98144,1.0,2.0,1100.0,,2200
Seattle,WA,98116,2.0,2.0,1368.0,1990.0,3450
Seattle,WA,98118,1.0,1.0,875.0,,1480
Seattle,WA,98133,1.0,2.0,850.0,,1500
Seattle,WA,98118,1.0,1.0,875.0,,1480
Seattle,WA,98136,3.0,3.0,1400.0,,3995
Seattle,WA,98144,1.0,,170.0,,895
Seattle,WA,98115,2.0,2.0,1013.0,2005.0,2495
Seattle,WA,98144,1.0,,170.0,,895
Seattle,WA,98116,3.0,4.0,2400.0,1931.0,5500
Seattle,WA,98144,2.0,3.0,1691.0,2016.0,3895
Seattle,WA,98103,2.0,3.0,1070.0,,2095
Seattle,WA,98108,1.5,2.0,1110.0,2008.0,2500
Seattle,WA,98144,2.0,3.0,1691.0,2016.0,3895
Seattle,WA,98126,4.0,4.0,2410.0,1927.0,4200
Seattle,WA,98115,2.0,3.0,1260.0,1925.0,1250
Seattle,WA,98122,1.0,1.0,450.0,,1295
Seattle,WA,98122,1.0,1.0,450.0,,1295
Seattle,WA,98116,2.0,2.0,1080.0,,2075
Seattle,WA,98103,1.0,2.0,850.0,,1600
Seattle,WA,98126,2.0,2.0,1600.0,1916.0,2495
Seattle,WA,98108,1.5,2.0,1200.0,2015.0,2500
Seattle,WA,98108,1.5,2.0,1200.0,2015.0,2500
Seattle,WA,98126,1.0,1.0,750.0,1963.0,1250
Seattle,WA,98115,1.0,1.0,780.0,1979.0,1495
Seattle,WA,98118,2.0,2.0,1200.0,,2995
Seattle,WA,98126,1.0,,207.0,2017.0,999
Seattle,WA,98118,2.0,2.0,1200.0,,2995
Seattle,WA,98125,1.0,2.0,750.0,,1495
Seattle,WA,98116,2.0,2.0,1277.0,1976.0,2500
Seattle,WA,98144,1.0,2.0,672.0,,963
Seattle,WA,98115,2.0,2.0,1302.0,2018.0,2995
Seattle,WA,98144,1.0,2.0,672.0,,963
Seattle,WA,98146,1.0,2.0,1330.0,1924.0,1995
Seattle,WA,98126,1.0,1.0,750.0,1963.0,1250
Seattle,WA,98144,1.0,1.0,,1949.0,1795
Seattle,WA,98103,1.0,,2123.0,2018.0,1317
Seattle,WA,98116,1.0,1.0,,,1295
Seattle,WA,98144,1.0,1.0,,1949.0,1795
Seattle,WA,98144,2.5,3.0,1080.0,2008.0,2995
Seattle,WA,98103,1.0,2.0,1300.0,1916.0,2700
Seattle,WA,98144,2.5,3.0,1080.0,2008.0,2995
Seattle,WA,98116,1.0,2.0,700.0,1959.0,1575
Seattle,WA,98133,2.0,2.0,1008.0,,2250
Seattle,WA,98122,1.0,1.0,600.0,,1490
Seattle,WA,98122,1.0,1.0,600.0,,1490
Seattle,WA,98125,2.5,3.0,1590.0,2008.0,2500
Seattle,WA,98116,1.0,1.0,,,1295
Seattle,WA,98144,1.0,1.0,583.0,,1795
Seattle,WA,98116,2.5,3.0,2000.0,,4500
Seattle,WA,98115,1.0,1.0,754.0,1974.0,1500
Seattle,WA,98144,1.0,1.0,583.0,,1795
Seattle,WA,98116,2.5,3.0,2000.0,,4500
Seattle,WA,98106,1.0,,,,1020
Seattle,WA,98101,1.0,,350.0,,1095
Seattle,WA,98101,1.0,,350.0,,1095
Seattle,WA,98125,1.0,,260.0,,895
Seattle,WA,98116,1.5,3.0,1310.0,2002.0,2700
Seattle,WA,98122,1.0,1.0,600.0,,1795
Seattle,WA,98126,1.5,3.0,1200.0,1988.0,2975
Seattle,WA,98122,1.0,1.0,600.0,,1795
Seattle,WA,98106,1.0,,,,1020
Seattle,WA,98144,2.5,3.0,1400.0,2012.0,2995
Seattle,WA,98125,2.0,3.0,1600.0,,3250
Seattle,WA,98126,1.0,,7168.0,1930.0,2500
Seattle,WA,98126,1.0,,7168.0,1930.0,2500
Seattle,WA,98144,1.0,1.0,610.0,1962.0,1550
Seattle,WA,98115,1.0,1.0,700.0,,1475
Seattle,WA,98116,1.0,2.0,1780.0,,2355
Seattle,WA,98144,2.5,3.0,1400.0,2012.0,2995
Seattle,WA,98116,1.0,2.0,1780.0,,2355
Seattle,WA,98122,3.0,3.0,1340.0,2005.0,4000
Seattle,WA,98115,1.0,1.0,750.0,1952.0,1520
Seattle,WA,98122,3.0,3.0,1340.0,2005.0,4000
Seattle,WA,98126,1.0,2.0,682.0,,1495
Seattle,WA,98126,1.0,2.0,682.0,,1495
Seattle,WA,98115,1.0,,270.0,,1200
Seattle,WA,98122,1.0,1.0,,2015.0,1705
Seattle,WA,98122,1.0,1.0,,2015.0,1705
Seattle,WA,98136,2.0,2.0,1050.0,2007.0,2000
Seattle,WA,98136,2.0,2.0,1050.0,2007.0,2000
Seattle,WA,98125,1.0,3.0,1100.0,1954.0,2400
Seattle,WA,98116,1.0,1.0,620.0,1991.0,1800
Seattle,WA,98109,1.0,,400.0,1909.0,1275
Seattle,WA,98125,1.0,3.0,1030.0,1948.0,2550
Seattle,WA,98116,1.0,1.0,620.0,1991.0,1800
Seattle,WA,98109,1.0,,400.0,1909.0,1275
Seattle,WA,98122,1.0,,,,1270
Seattle,WA,98106,2.5,2.0,1380.0,2008.0,2600
Seattle,WA,98115,1.0,2.0,1010.0,1940.0,2400
Seattle,WA,98106,2.5,2.0,1380.0,2008.0,2600
Seattle,WA,98122,1.0,,,,1270
Seattle,WA,98144,1.0,1.0,595.0,2015.0,1395
Seattle,WA,98126,1.0,2.0,780.0,1942.0,2950
Seattle,WA,98144,1.0,1.0,595.0,2015.0,1395
Seattle,WA,98115,2.0,4.0,2040.0,1928.0,3495
Seattle,WA,98126,1.0,2.0,780.0,1942.0,2950
Seattle,WA,98126,1.0,2.0,1000.0,,2000
Seattle,WA,98144,1.0,2.0,900.0,,1995
Seattle,WA,98115,1.5,3.0,1379.0,,1950
Seattle,WA,98144,1.0,2.0,900.0,,1995
Seattle,WA,98126,1.0,2.0,1000.0,,2000
Seattle,WA,98116,1.0,,500.0,1918.0,1345
Seattle,WA,98118,2.0,2.0,1275.0,,2600
Seattle,WA,98118,2.0,2.0,1275.0,,2600
Seattle,WA,98115,1.0,,456.0,1996.0,1400
Seattle,WA,98116,1.0,,500.0,1918.0,1345
Seattle,WA,98144,1.0,2.0,813.0,2014.0,2095
Seattle,WA,98116,1.0,2.0,750.0,,1595
Seattle,WA,98125,2.0,2.0,1195.0,2002.0,2150
Seattle,WA,98144,1.0,2.0,813.0,2014.0,2095
Seattle,WA,98116,1.0,2.0,750.0,,1595
Seattle,WA,98136,1.0,2.0,2000.0,1918.0,2500
Seattle,WA,98122,2.0,4.0,1350.0,1900.0,2495
Seattle,WA,98122,2.0,4.0,1350.0,1900.0,2495
Seattle,WA,98136,1.0,2.0,2000.0,1918.0,2500
Seattle,WA,98116,1.0,2.0,1100.0,1959.0,2700
Seattle,WA,98118,1.0,1.0,1060.0,2014.0,1275
Seattle,WA,98125,1.0,2.0,1100.0,1928.0,1995
Seattle,WA,98118,1.0,1.0,1060.0,2014.0,1275
Seattle,WA,98116,1.0,2.0,1100.0,1959.0,2700
Seattle,WA,98116,1.0,2.0,1150.0,1975.0,2395
Seattle,WA,98108,1.0,1.0,650.0,,1625
Seattle,WA,98115,2.0,2.0,1115.0,1979.0,1795
Seattle,WA,98116,1.0,2.0,1150.0,1975.0,2395
Seattle,WA,98108,1.0,1.0,650.0,,1625
Seattle,WA,98116,1.0,1.0,900.0,,2650
Seattle,WA,98125,1.0,2.0,1000.0,1975.0,1650
Seattle,WA,98144,2.5,2.0,930.0,2008.0,3000
Seattle,WA,98116,1.0,1.0,900.0,,2650
Seattle,WA,98144,2.5,2.0,930.0,2008.0,3000
Seattle,WA,98116,1.0,1.0,450.0,1909.0,1750
Seattle,WA,98122,1.0,2.0,930.0,,2200
Seattle,WA,98116,1.0,1.0,450.0,1909.0,1750
Seattle,WA,98125,2.5,3.0,1500.0,,2595
Seattle,WA,98122,1.0,2.0,930.0,,2200
Seattle,WA,98118,1.0,1.0,775.0,,1650
Seattle,WA,98106,3.5,3.0,1690.0,2017.0,3000
Seattle,WA,98106,3.5,3.0,1690.0,2017.0,3000
Seattle,WA,98115,1.0,2.0,850.0,,1695
Seattle,WA,98106,1.0,1.0,,,1160
Seattle,WA,98144,1.0,,259.0,2018.0,1150
Seattle,WA,98136,1.0,1.0,700.0,,1395
Seattle,WA,98136,1.0,1.0,700.0,,1395
Seattle,WA,98103,1.0,3.0,1600.0,1924.0,3450
Seattle,WA,98122,1.0,1.0,540.0,1928.0,1400
Seattle,WA,98144,1.0,,259.0,2018.0,1150
Seattle,WA,98116,1.5,3.0,1710.0,1960.0,3095
Seattle,WA,98116,1.5,3.0,1710.0,1960.0,3095
Seattle,WA,98115,1.0,2.0,850.0,1901.0,1600
Seattle,WA,98122,2.5,3.0,1530.0,1997.0,3790
Seattle,WA,98136,2.0,2.0,1220.0,,2100
Seattle,WA,98136,2.0,2.0,1220.0,,2100
Seattle,WA,98122,2.5,3.0,1530.0,1997.0,3790
Seattle,WA,98125,1.0,1.0,665.0,,1495
Seattle,WA,98144,1.5,2.0,1138.0,2016.0,3800
Seattle,WA,98144,1.5,2.0,1138.0,2016.0,3800
Seattle,WA,98125,2.0,4.0,2300.0,,4000
Seattle,WA,98136,1.0,2.0,1000.0,,1850
Seattle,WA,98136,1.0,2.0,1000.0,,1850
Seattle,WA,98122,1.0,1.0,600.0,,1695
Seattle,WA,98122,1.0,1.0,600.0,,1695
Seattle,WA,98116,1.0,2.0,1450.0,1914.0,2595
Seattle,WA,98115,1.0,2.0,716.0,,1895
Seattle,WA,98116,1.0,2.0,1450.0,1914.0,2595
Seattle,WA,98122,1.0,1.0,650.0,,1795
Seattle,WA,98122,1.0,1.0,650.0,,1795
Seattle,WA,98116,3.0,4.0,2540.0,1942.0,3300
Seattle,WA,98104,1.0,,555.0,1985.0,2350
Seattle,WA,98104,1.0,,555.0,1985.0,2350
Seattle,WA,98125,1.5,2.0,1250.0,,1900
Seattle,WA,98116,3.0,4.0,2540.0,1942.0,3300
Seattle,WA,98106,2.0,3.0,1350.0,1968.0,2800
Seattle,WA,98115,1.0,,342.0,,1193
Seattle,WA,98136,1.0,1.0,700.0,,1350
Seattle,WA,98106,2.0,3.0,1350.0,1968.0,2800
Seattle,WA,98108,1.0,2.0,850.0,1919.0,2500
Seattle,WA,98108,1.0,2.0,850.0,1919.0,2500
Seattle,WA,98103,1.0,2.0,800.0,,1545
Seattle,WA,98116,2.0,2.0,1700.0,1911.0,2800
Seattle,WA,98103,1.0,2.0,671.0,1988.0,1850
Seattle,WA,98122,1.0,1.0,735.0,,1595
Seattle,WA,98122,1.0,1.0,735.0,,1595
Seattle,WA,98116,2.0,2.0,1700.0,1911.0,2800
Seattle,WA,98115,2.5,3.0,1840.0,1986.0,2295
Seattle,WA,98144,1.0,1.0,650.0,2013.0,1600
Seattle,WA,98126,3.0,3.0,2100.0,2009.0,2990
Seattle,WA,98126,3.0,3.0,2100.0,2009.0,2990
Seattle,WA,98144,1.0,1.0,650.0,2013.0,1600
Seattle,WA,98125,1.0,1.0,500.0,,1195
Seattle,WA,98122,2.0,2.0,900.0,,1800
Seattle,WA,98126,3.0,5.0,2750.0,1921.0,4350
Seattle,WA,98126,3.0,5.0,2750.0,1921.0,4350
Seattle,WA,98122,2.0,2.0,900.0,,1800
Seattle,WA,98103,1.0,1.0,850.0,,1495
Seattle,WA,98118,1.0,2.0,960.0,1943.0,2800
Seattle,WA,98116,2.0,2.0,1100.0,,2300
Seattle,WA,98116,2.0,2.0,1100.0,,2300
Seattle,WA,98118,1.0,2.0,960.0,1943.0,2800
Seattle,WA,98115,2.0,2.0,770.0,,1895
Seattle,WA,98144,1.0,,606.0,2005.0,1495
Seattle,WA,98136,1.0,1.0,,,1200
Seattle,WA,98136,1.0,1.0,,,1200
Seattle,WA,98144,1.0,,606.0,2005.0,1495
Seattle,WA,98133,2.0,4.0,2030.0,1941.0,3000
Seattle,WA,98108,1.0,,10450.0,,3000
Seattle,WA,98116,1.0,1.0,800.0,2006.0,1895
Seattle,WA,98116,1.0,1.0,800.0,2006.0,1895
Seattle,WA,98133,1.5,2.0,1100.0,1973.0,1845
Seattle,WA,98108,1.0,,10450.0,,3000
Seattle,WA,98126,2.0,3.0,1340.0,1918.0,2795
Seattle,WA,98144,1.5,2.0,1400.0,,2200
Seattle,WA,98133,1.0,1.0,570.0,,1325
Seattle,WA,98136,1.0,2.0,820.0,1926.0,2200
Seattle,WA,98144,1.5,2.0,1400.0,,2200
Seattle,WA,98126,2.0,3.0,1340.0,1918.0,2795
Seattle,WA,98118,1.0,4.0,,,2500
Seattle,WA,98133,1.5,2.0,1000.0,1983.0,1400
Seattle,WA,98126,2.0,4.0,2620.0,1956.0,3995
Seattle,WA,98118,1.0,4.0,,,2500
Seattle,WA,98126,2.0,4.0,2620.0,1956.0,3995
Seattle,WA,98125,1.0,2.0,1000.0,,1975
Seattle,WA,98122,1.0,1.0,535.0,1908.0,1550
Seattle,WA,98126,1.0,2.0,1300.0,1947.0,1999
Seattle,WA,98122,1.0,1.0,535.0,1908.0,1550
Seattle,WA,98126,1.0,2.0,1300.0,1947.0,1999
Seattle,WA,98125,1.0,1.0,,,1395
Seattle,WA,98116,1.0,1.0,665.0,1964.0,1495
Seattle,WA,98144,1.0,1.0,650.0,,1500
Seattle,WA,98116,1.0,1.0,665.0,1964.0,1495
Seattle,WA,98144,1.0,1.0,650.0,,1500
Seattle,WA,98133,2.0,4.0,2000.0,1940.0,3700
Seattle,WA,98116,2.0,2.0,1480.0,2016.0,3950
Seattle,WA,98116,2.0,2.0,1480.0,2016.0,3950
Seattle,WA,98144,1.5,2.0,1000.0,2007.0,2500
Seattle,WA,98144,1.5,2.0,1000.0,2007.0,2500
Seattle,WA,98125,1.0,2.0,811.0,1984.0,1600
Seattle,WA,98116,1.0,2.0,1600.0,1941.0,2700
Seattle,WA,98118,2.0,2.0,900.0,,1850
Seattle,WA,98116,1.0,2.0,1600.0,1941.0,2700
Seattle,WA,98115,3.0,5.0,4000.0,2008.0,5000
Seattle,WA,98118,2.0,2.0,900.0,,1850
Seattle,WA,98144,2.5,2.0,1120.0,,1995
Seattle,WA,98144,2.5,2.0,1120.0,,1995
Seattle,WA,98125,2.0,3.0,1606.0,,2600
Seattle,WA,98106,2.5,2.0,1550.0,2007.0,2899
Seattle,WA,98106,2.5,2.0,1550.0,2007.0,2899
Seattle,WA,98144,1.0,1.0,601.0,,601
Seattle,WA,98116,2.0,3.0,1460.0,2018.0,3750
Seattle,WA,98116,2.0,3.0,1460.0,2018.0,3750
Seattle,WA,98144,1.0,1.0,601.0,,601
Seattle,WA,98133,2.0,2.0,952.0,1989.0,1769
Seattle,WA,98144,1.0,2.0,900.0,,1950
Seattle,WA,98116,1.0,1.0,,,1275
Seattle,WA,98116,1.0,1.0,,,1275
Seattle,WA,98144,1.0,2.0,900.0,,1950
Seattle,WA,98115,1.0,2.0,950.0,,1695
Seattle,WA,98122,1.5,3.0,2190.0,1929.0,3100
Seattle,WA,98116,2.0,4.0,1800.0,1953.0,4200
Seattle,WA,98116,2.0,4.0,1800.0,1953.0,4200
Seattle,WA,98115,2.0,3.0,1370.0,1927.0,3295
Seattle,WA,98122,1.5,3.0,2190.0,1929.0,3100
Seattle,WA,98104,1.5,1.0,865.0,,2400
Seattle,WA,98126,3.0,5.0,2600.0,2014.0,3300
Seattle,WA,98126,3.0,5.0,2600.0,2014.0,3300
Seattle,WA,98104,1.5,1.0,865.0,,2400
Seattle,WA,98125,2.0,3.0,1800.0,1955.0,3595
Seattle,WA,98144,1.0,3.0,960.0,,2150
Seattle,WA,98136,1.0,1.0,625.0,,1575
Seattle,WA,98136,1.0,1.0,625.0,,1575
Seattle,WA,98144,1.0,3.0,960.0,,2150
Seattle,WA,98103,1.0,1.0,400.0,,1495
Seattle,WA,98122,1.0,,348.0,,1245
Seattle,WA,98106,2.0,2.0,1800.0,1918.0,2295
Seattle,WA,98106,2.0,2.0,1800.0,1918.0,2295
Seattle,WA,98125,1.0,1.0,650.0,,1300
Seattle,WA,98122,1.0,,348.0,,1245
Seattle,WA,98116,1.0,1.0,850.0,,2000
Seattle,WA,98122,2.0,4.0,1900.0,1906.0,5495
Seattle,WA,98116,1.0,1.0,850.0,,2000
Seattle,WA,98115,3.0,4.0,2900.0,1952.0,4250
Seattle,WA,98122,2.0,4.0,1900.0,1906.0,5495
Seattle,WA,98116,1.0,,420.0,,1200
Seattle,WA,98118,2.0,3.0,1600.0,1945.0,2400
Seattle,WA,98116,1.0,,420.0,,1200
Seattle,WA,98126,2.0,2.0,1440.0,1962.0,3800
Seattle,WA,98155,1.0,2.0,935.0,1950.0,2000
Seattle,WA,98118,1.0,2.0,750.0,,1500
Seattle,WA,98118,2.0,3.0,1600.0,1945.0,2400
Seattle,WA,98136,1.0,1.0,820.0,,1625
Seattle,WA,98126,2.0,2.0,1440.0,1962.0,3800
Seattle,WA,98125,1.0,1.0,1200.0,,2200
Seattle,WA,98118,1.0,2.0,1500.0,1949.0,2750
Seattle,WA,98118,1.0,2.0,1500.0,1949.0,2750
Seattle,WA,98116,2.0,2.0,1580.0,2008.0,3095
Seattle,WA,98116,2.0,2.0,1580.0,2008.0,3095
Seattle,WA,98125,3.0,3.0,1330.0,2007.0,2500
Seattle,WA,98144,2.5,3.0,1730.0,2014.0,3500
Seattle,WA,98121,1.0,1.0,628.0,,1600
Seattle,WA,98144,2.5,3.0,1730.0,2014.0,3500
Seattle,WA,98125,1.0,1.0,600.0,1968.0,1250
Seattle,WA,98121,1.0,1.0,628.0,,1600
Seattle,WA,98144,3.0,3.0,2300.0,,8500
Seattle,WA,98144,3.0,3.0,2300.0,,8500
Seattle,WA,98106,2.5,3.0,1425.0,,2475
Seattle,WA,98115,2.5,3.0,1600.0,1966.0,2595
Seattle,WA,98122,1.0,1.0,550.0,,1595
Seattle,WA,98106,2.5,3.0,1425.0,,2475
Seattle,WA,98115,1.0,2.0,705.0,,1895
Seattle,WA,98122,1.0,1.0,550.0,,1595
Seattle,WA,98122,1.0,2.0,725.0,,1700
Seattle,WA,98116,2.0,2.0,1277.0,,2700
Seattle,WA,98116,2.0,2.0,1277.0,,2700
Seattle,WA,98122,1.0,2.0,725.0,,1700
Seattle,WA,98103,2.5,3.0,1380.0,2000.0,2600
Seattle,WA,98122,1.0,2.0,810.0,2002.0,2075
Seattle,WA,98116,1.0,2.0,782.0,,1695
Seattle,WA,98116,1.0,2.0,782.0,,1695
Seattle,WA,98122,1.0,2.0,810.0,2002.0,2075
Seattle,WA,98115,1.0,1.0,550.0,1956.0,1300
Seattle,WA,98112,2.5,3.0,1400.0,,3150
Seattle,WA,98106,1.0,3.0,1100.0,1967.0,2600
Seattle,WA,98106,1.0,3.0,1100.0,1967.0,2600
Seattle,WA,98112,2.5,3.0,1400.0,,3150
Seattle,WA,98118,3.0,5.0,2367.0,2007.0,3695
Seattle,WA,98115,2.0,4.0,2200.0,1931.0,3500
Seattle,WA,98118,3.0,5.0,2367.0,2007.0,3695
Seattle,WA,98126,1.5,3.0,1200.0,1928.0,2550
Seattle,WA,98126,1.5,3.0,1200.0,1928.0,2550
Seattle,WA,98125,3.0,5.0,2210.0,1995.0,3200
Seattle,WA,98122,1.0,2.0,1200.0,,3450
Seattle,WA,98116,2.0,3.0,1650.0,1926.0,2945
Seattle,WA,98116,2.0,3.0,1650.0,1926.0,2945
Seattle,WA,98122,1.0,2.0,1200.0,,3450
Seattle,WA,98125,2.5,2.0,1170.0,2007.0,2195
Seattle,WA,98116,1.0,1.0,625.0,,1200
Seattle,WA,98116,1.0,1.0,625.0,,1200
Seattle,WA,98144,2.0,2.0,940.0,,3000
Seattle,WA,98144,2.0,2.0,940.0,,3000
Seattle,WA,98106,2.0,2.0,1000.0,1942.0,2200
Seattle,WA,98106,2.0,2.0,1000.0,1942.0,2200
Seattle,WA,98115,1.0,2.0,1000.0,,1800
Seattle,WA,98144,2.0,3.0,1660.0,1904.0,3300
Seattle,WA,98144,2.0,3.0,1660.0,1904.0,3300
Seattle,WA,98116,2.0,2.0,1312.0,1978.0,3150
Seattle,WA,98116,2.0,2.0,1312.0,1978.0,3150
Seattle,WA,98144,1.0,1.0,790.0,2013.0,1600
Seattle,WA,98115,1.0,2.0,1000.0,,2400
Seattle,WA,98144,1.0,1.0,790.0,2013.0,1600
Seattle,WA,98136,2.0,2.0,989.0,1990.0,1995
Seattle,WA,98136,2.0,2.0,989.0,1990.0,1995
Seattle,WA,98144,2.5,3.0,1010.0,2007.0,2395
Seattle,WA,98103,1.0,2.0,1100.0,,1850
Seattle,WA,98144,2.5,3.0,1010.0,2007.0,2395
Seattle,WA,98116,1.0,1.0,590.0,1959.0,1500
Seattle,WA,98118,2.0,3.0,900.0,1959.0,2200
Seattle,WA,98116,1.0,1.0,590.0,1959.0,1500
Seattle,WA,98118,2.0,3.0,900.0,1959.0,2200
Seattle,WA,98125,1.0,,400.0,,999
Seattle,WA,98116,1.0,2.0,730.0,1959.0,1795
Seattle,WA,98122,1.0,1.0,670.0,1963.0,1850
Seattle,WA,98116,1.0,2.0,730.0,1959.0,1795
Seattle,WA,98122,1.0,1.0,670.0,1963.0,1850
Seattle,WA,98115,2.0,2.0,1125.0,1979.0,2095
Seattle,WA,98116,1.0,1.0,750.0,,1600
Seattle,WA,98116,1.0,1.0,750.0,,1600
Seattle,WA,98136,1.0,1.0,475.0,,1095
Seattle,WA,98118,2.0,3.0,2000.0,1945.0,3500
Seattle,WA,98103,3.0,3.0,1370.0,2007.0,2495
Seattle,WA,98118,2.0,3.0,2000.0,1945.0,3500
Seattle,WA,98136,1.0,1.0,475.0,,1095
Seattle,WA,98116,1.0,1.0,,,1095
Seattle,WA,98122,2.0,3.0,1700.0,2017.0,4500
Seattle,WA,98116,1.0,1.0,,,1095
Seattle,WA,98115,2.0,2.0,1500.0,2017.0,3650
Seattle,WA,98122,2.0,3.0,1700.0,2017.0,4500
Seattle,WA,98136,2.0,3.0,1448.0,2019.0,3000
Seattle,WA,98144,1.0,1.0,950.0,,2400
Seattle,WA,98136,2.0,3.0,1448.0,2019.0,3000
Seattle,WA,98115,1.0,2.0,1420.0,1946.0,3095
Seattle,WA,98136,1.0,2.0,900.0,,1875
Seattle,WA,98136,1.0,2.0,900.0,,1875
Seattle,WA,98144,1.0,1.0,950.0,,2400
Seattle,WA,98144,1.0,2.0,1200.0,1920.0,2500
Seattle,WA,98133,1.0,2.0,850.0,,1650
Seattle,WA,98106,1.0,2.0,820.0,,1430
Seattle,WA,98144,1.0,2.0,1200.0,1920.0,2500
Seattle,WA,98104,1.0,,315.0,1910.0,1280
Seattle,WA,98133,2.0,3.0,1340.0,,2695
Seattle,WA,98106,1.0,1.0,720.0,1943.0,1200
Seattle,WA,98106,1.0,2.0,820.0,,1430
Seattle,WA,98118,1.0,1.0,500.0,,1395
Seattle,WA,98104,1.0,,315.0,1910.0,1280
Seattle,WA,98116,1.0,2.0,1200.0,,2000
Seattle,WA,98103,2.0,2.0,2040.0,1920.0,2900
Seattle,WA,98116,1.0,2.0,1200.0,,2000
Seattle,WA,98118,2.0,6.0,100.0,,650
Seattle,WA,98118,2.0,6.0,100.0,,650
Seattle,WA,98126,1.0,1.0,900.0,,1500
Seattle,WA,98103,1.5,2.0,1200.0,,2100
Seattle,WA,98116,1.0,2.0,800.0,,2400
Seattle,WA,98122,1.0,2.0,732.0,,1995
Seattle,WA,98116,1.0,2.0,800.0,,2400
Seattle,WA,98122,1.0,2.0,732.0,,1995
Seattle,WA,98103,1.0,2.0,1250.0,,2150
Seattle,WA,98106,2.5,4.0,1800.0,,2950
Seattle,WA,98108,1.0,2.0,640.0,1953.0,1950
Seattle,WA,98108,1.0,2.0,640.0,1953.0,1950
Seattle,WA,98106,2.5,4.0,1800.0,,2950
Seattle,WA,98126,1.0,1.0,600.0,1965.0,1200
Seattle,WA,98103,1.0,1.0,600.0,1989.0,1450
Seattle,WA,98126,1.0,1.0,600.0,1965.0,1200
Seattle,WA,98121,1.0,1.0,890.0,1989.0,1995
Seattle,WA,98116,1.0,2.0,860.0,1925.0,1595
Seattle,WA,98116,1.0,2.0,860.0,1925.0,1595
Seattle,WA,98121,1.0,1.0,890.0,1989.0,1995
Seattle,WA,98103,2.5,3.0,1580.0,,2600
Seattle,WA,98102,1.0,2.0,900.0,,2195
Seattle,WA,98136,1.0,1.0,650.0,1949.0,1795
Seattle,WA,98136,1.0,1.0,650.0,1949.0,1795
Seattle,WA,98122,1.0,2.0,700.0,1927.0,1295
Seattle,WA,98103,1.0,2.0,775.0,1955.0,1775
Seattle,WA,98102,1.0,2.0,900.0,,2195
Seattle,WA,98136,1.0,1.0,598.0,1980.0,1450
Seattle,WA,98136,1.0,1.0,598.0,1980.0,1450
Seattle,WA,98118,2.0,4.0,1800.0,1914.0,3900
Seattle,WA,98115,1.0,1.0,650.0,1955.0,1200
Seattle,WA,98118,2.0,4.0,1800.0,1914.0,3900
Seattle,WA,98126,2.5,3.0,1865.0,2007.0,2950
Seattle,WA,98126,2.5,3.0,1865.0,2007.0,2950
Seattle,WA,98125,2.0,5.0,2500.0,,3600
Seattle,WA,98108,1.0,1.0,800.0,1920.0,1350
Seattle,WA,98108,1.0,1.0,800.0,1920.0,1350
Seattle,WA,98106,2.5,4.0,1770.0,,2850
Seattle,WA,98106,2.5,4.0,1770.0,,2850
Seattle,WA,98115,2.0,2.0,1100.0,1984.0,2095
Seattle,WA,98118,1.0,1.0,517.0,,1095
Los Angeles,CA,91304,4.0,5.0,2428.0,2012.0,3900
Los Angeles,CA,91326,2.5,2.0,1253.0,2008.0,2875
Los Angeles,CA,91304,2.0,3.0,1303.0,1961.0,2950
Los Angeles,CA,91311,2.5,2.0,1512.0,,2800
Los Angeles,CA,91367,1.0,1.0,775.0,,2208
Los Angeles,CA,91304,3.0,5.0,2570.0,1962.0,5950
Los Angeles,CA,91311,1.5,2.0,911.0,1963.0,2100
Los Angeles,CA,91326,3.0,2.0,1253.0,2011.0,2895
Los Angeles,CA,91326,3.0,4.0,2655.0,2005.0,5200
Los Angeles,CA,91367,2.0,4.0,2290.0,1949.0,5200
Los Angeles,CA,91367,2.5,3.0,1764.0,1975.0,3650
Los Angeles,CA,91367,4.0,4.0,3100.0,1948.0,7500
Los Angeles,CA,91326,3.0,2.0,1122.0,2004.0,2950
Los Angeles,CA,91335,2.0,2.0,1200.0,,2650
Los Angeles,CA,91326,2.5,2.0,1253.0,2007.0,2895
Los Angeles,CA,91335,1.0,,500.0,,1300
Los Angeles,CA,91311,2.0,2.0,1134.0,1939.0,2700
Los Angeles,CA,91304,2.0,3.0,1200.0,,3150
Los Angeles,CA,91307,2.0,3.0,1570.0,1960.0,3750
Los Angeles,CA,91307,2.0,3.0,1269.0,1960.0,3400
Los Angeles,CA,91335,1.0,1.0,500.0,2020.0,1850
Los Angeles,CA,91326,5.0,5.0,3339.0,2006.0,5200
Los Angeles,CA,91303,2.0,3.0,1710.0,1980.0,2850
Los Angeles,CA,91304,2.0,4.0,1570.0,1959.0,3249
Los Angeles,CA,91335,2.0,3.0,1706.0,1968.0,3500
Los Angeles,CA,91335,2.0,4.0,1964.0,1955.0,3850
Los Angeles,CA,91303,1.0,1.0,,,1400
Los Angeles,CA,91303,3.0,4.0,1814.0,1954.0,4450
Los Angeles,CA,91311,2.0,3.0,1658.0,1978.0,3900
Los Angeles,CA,91326,2.5,3.0,2235.0,1987.0,3700
Los Angeles,CA,91303,1.0,,,,1240
Los Angeles,CA,91367,1.0,1.0,400.0,1967.0,1995
Los Angeles,CA,91307,1.0,2.0,1600.0,1959.0,2600
Los Angeles,CA,91335,1.0,1.0,,,1700
Los Angeles,CA,91306,1.0,2.0,925.0,,1750
Los Angeles,CA,91335,3.0,4.0,1767.0,2001.0,3200
Los Angeles,CA,91326,3.5,4.0,2075.0,1971.0,4400
Los Angeles,CA,91306,1.0,1.0,595.0,1947.0,1400
Los Angeles,CA,91326,3.0,3.0,1563.0,2006.0,3600
Los Angeles,CA,91304,2.0,2.0,901.0,1976.0,1999
Los Angeles,CA,91311,2.0,2.0,1083.0,2009.0,2294
Los Angeles,CA,91311,1.0,2.0,797.0,,1850
Los Angeles,CA,91306,2.0,3.0,1461.0,1960.0,2900
Los Angeles,CA,91304,2.0,3.0,1160.0,1957.0,3000
Los Angeles,CA,91307,2.0,3.0,1570.0,1958.0,3750
Los Angeles,CA,91335,1.0,1.0,700.0,,1495
Los Angeles,CA,91311,2.0,2.0,701.0,1985.0,2500
Los Angeles,CA,91303,3.0,3.0,1198.0,,3495
Los Angeles,CA,91306,2.0,4.0,1362.0,1954.0,3600
Los Angeles,CA,91304,2.0,4.0,2069.0,1976.0,3600
Los Angeles,CA,91335,2.0,2.0,,,1795
Los Angeles,CA,91306,1.0,1.0,525.0,,1500
Los Angeles,CA,91303,1.0,1.0,,,1495
Los Angeles,CA,91326,3.0,3.0,1399.0,2008.0,3275
Los Angeles,CA,91335,2.0,3.0,,,2800
Los Angeles,CA,91307,2.0,3.0,1300.0,1959.0,3100
Los Angeles,CA,91326,2.5,3.0,1934.0,1988.0,4650
Los Angeles,CA,91303,1.0,2.0,,,1745
Los Angeles,CA,91326,3.0,2.0,1194.0,2010.0,3325
Los Angeles,CA,91311,1.0,1.0,,,1650
Los Angeles,CA,91326,3.0,3.0,2235.0,1987.0,3995
Los Angeles,CA,91311,3.0,3.0,1486.0,1979.0,2700
Los Angeles,CA,91306,2.0,2.0,1198.0,,2750
Los Angeles,CA,91324,2.0,3.0,1160.0,1958.0,2995
Los Angeles,CA,91303,2.0,2.0,1100.0,1956.0,2500
Los Angeles,CA,91304,3.0,4.0,1841.0,1957.0,3100
Los Angeles,CA,91304,2.0,4.0,1380.0,1959.0,3300
Los Angeles,CA,91306,2.0,2.0,884.0,1971.0,2100
Los Angeles,CA,91311,2.5,3.0,1711.0,1980.0,3000
Los Angeles,CA,91335,2.0,3.0,1258.0,1955.0,3200
Los Angeles,CA,91306,2.0,4.0,1362.0,1954.0,2950
Los Angeles,CA,91303,1.0,,,,1395
Los Angeles,CA,91304,1.0,1.0,,,1450
Los Angeles,CA,91335,2.0,3.0,1404.0,1953.0,3145
Los Angeles,CA,91306,2.0,3.0,1522.0,1956.0,3195
Los Angeles,CA,91335,2.0,2.0,957.0,1988.0,2300
Los Angeles,CA,91303,1.0,2.0,868.0,,2200
Los Angeles,CA,91303,2.0,4.0,1837.0,,3750
Los Angeles,CA,91307,2.0,4.0,1991.0,1957.0,3600
Los Angeles,CA,91367,2.0,3.0,1618.0,1959.0,3450
Los Angeles,CA,91304,3.0,3.0,1667.0,1979.0,2650
Los Angeles,CA,91304,2.0,3.0,1350.0,1958.0,3800
Los Angeles,CA,91311,2.0,4.0,1420.0,1957.0,3200
Los Angeles,CA,91304,2.0,4.0,1800.0,1957.0,3500
Los Angeles,CA,91307,2.0,4.0,1456.0,1960.0,2950
Los Angeles,CA,91306,2.0,3.0,1400.0,1954.0,3350
Los Angeles,CA,91311,2.0,2.0,937.0,1963.0,1999
Los Angeles,CA,91335,2.5,3.0,1650.0,1932.0,2900
Los Angeles,CA,91303,1.0,1.0,623.0,,1800
Los Angeles,CA,91306,1.0,2.0,750.0,,2000
Los Angeles,CA,91335,2.5,2.0,1200.0,,2950
Los Angeles,CA,91326,2.5,3.0,1714.0,2002.0,3350
Los Angeles,CA,91306,1.0,1.0,585.0,1984.0,1600
Los Angeles,CA,91306,2.5,4.0,1850.0,1954.0,3485
Los Angeles,CA,91326,3.0,5.0,2344.0,1969.0,3799
Los Angeles,CA,91303,2.0,5.0,1886.0,1958.0,3525
Los Angeles,CA,91306,2.0,3.0,1200.0,2020.0,3600
Los Angeles,CA,91306,2.0,3.0,1276.0,2020.0,3300
Los Angeles,CA,91324,3.0,4.0,1768.0,1957.0,3950
Los Angeles,CA,91306,2.0,2.0,1100.0,,2395
Los Angeles,CA,91335,1.0,1.0,400.0,,2200
Los Angeles,CA,91324,2.5,3.0,1576.0,1979.0,3300
Los Angeles,CA,91304,3.5,5.0,3087.0,1995.0,6000
Los Angeles,CA,91367,4.5,6.0,6452.0,1991.0,14899
Los Angeles,CA,91311,1.0,1.0,670.0,1986.0,1750
Los Angeles,CA,91335,2.0,3.0,1420.0,1953.0,2999
Los Angeles,CA,91307,2.0,3.0,1789.0,1956.0,3500
Los Angeles,CA,91303,2.0,2.0,1221.0,,1920
Los Angeles,CA,91324,1.0,,440.0,,1495
Los Angeles,CA,91306,1.0,1.0,700.0,1949.0,2250
Los Angeles,CA,91335,2.0,4.0,1374.0,1977.0,2950
Los Angeles,CA,91306,2.0,2.0,1021.0,1982.0,2900
Los Angeles,CA,91304,2.0,4.0,1570.0,1959.0,3245
Los Angeles,CA,91306,1.5,4.0,1450.0,1955.0,3200
Los Angeles,CA,91304,2.0,2.0,950.0,,1995
Los Angeles,CA,91306,1.0,1.0,600.0,,1900
Los Angeles,CA,91335,2.0,2.0,800.0,,2100
Los Angeles,CA,91306,2.0,2.0,880.0,1988.0,2195
Los Angeles,CA,91335,1.0,,,,695
Los Angeles,CA,91304,2.0,4.0,1790.0,1959.0,3350
Los Angeles,CA,91335,2.0,2.0,1276.0,,2750
Los Angeles,CA,91335,1.0,3.0,1036.0,1950.0,3000
Los Angeles,CA,91303,1.0,1.0,750.0,,1600
Los Angeles,CA,91367,2.0,4.0,1938.0,1965.0,3500
Los Angeles,CA,91307,1.0,1.0,750.0,,1750
Los Angeles,CA,91311,2.0,3.0,1200.0,2020.0,3295
Los Angeles,CA,91367,2.5,2.0,1585.0,1973.0,2900
Los Angeles,CA,91304,1.0,1.0,650.0,,1450
Los Angeles,CA,91307,2.0,2.0,887.0,1985.0,2300
Los Angeles,CA,91311,2.5,2.0,1520.0,1980.0,2400
Los Angeles,CA,91326,2.0,3.0,2019.0,2003.0,4750
Los Angeles,CA,91304,1.0,1.0,,,1550
Los Angeles,CA,91406,1.0,1.0,760.0,,1795
Los Angeles,CA,91324,1.0,2.0,930.0,1960.0,2100
Los Angeles,CA,91304,1.0,1.0,,,1550
Los Angeles,CA,91401,3.0,3.0,1600.0,1988.0,3795
Los Angeles,CA,91344,1.5,2.0,1125.0,1985.0,2095
Los Angeles,CA,91304,1.0,1.0,,,1550
Los Angeles,CA,91316,1.0,2.0,803.0,1949.0,2500
Los Angeles,CA,91303,1.0,1.0,,,1425
Los Angeles,CA,91405,1.0,1.0,700.0,,1295
Los Angeles,CA,91304,2.0,2.0,,,1750
Los Angeles,CA,91325,1.0,2.0,850.0,,1795
Los Angeles,CA,91311,2.0,2.0,1068.0,,2995
Los Angeles,CA,91405,1.0,2.0,,,1695
Los Angeles,CA,91335,2.0,3.0,1296.0,1955.0,3500
Los Angeles,CA,91331,2.0,3.0,1136.0,2020.0,3000
Los Angeles,CA,93063,4.0,4.0,4180.0,1974.0,16500
Los Angeles,CA,91411,3.5,3.0,1450.0,1913.0,3450
Los Angeles,CA,91311,1.0,,660.0,2014.0,1650
Los Angeles,CA,91405,1.0,,552.0,,1295
Los Angeles,CA,91405,1.0,1.0,825.0,,1495
Los Angeles,CA,91311,1.5,1.0,,,1800
Los Angeles,CA,91326,3.0,3.0,2450.0,,9500
Los Angeles,CA,91401,2.0,3.0,1352.0,1947.0,3000
Los Angeles,CA,91406,1.0,1.0,600.0,,1400
Los Angeles,CA,91405,2.0,4.0,1858.0,,3600
Los Angeles,CA,91367,3.0,2.0,1338.0,1980.0,3200
Los Angeles,CA,91356,3.0,3.0,2023.0,1982.0,3500
Los Angeles,CA,91356,3.0,2.0,1570.0,1984.0,2850
Los Angeles,CA,91364,3.0,4.0,2980.0,1963.0,3500
Los Angeles,CA,91406,2.0,2.0,1502.0,1950.0,3300
Los Angeles,CA,91364,2.0,3.0,1542.0,1956.0,3800
Los Angeles,CA,91367,1.0,1.0,610.0,1987.0,1900
Los Angeles,CA,90272,3.0,3.0,2352.0,1952.0,13000
Los Angeles,CA,91367,2.0,3.0,1500.0,1960.0,3395
Los Angeles,CA,91316,3.0,3.0,2028.0,,4850
Los Angeles,CA,91364,2.5,2.0,1000.0,,2250
Los Angeles,CA,91367,2.5,3.0,1572.0,1960.0,4000
Los Angeles,CA,90272,1.0,2.0,900.0,,3290
Los Angeles,CA,91335,1.0,,429.0,,1558
Los Angeles,CA,91364,1.0,1.0,895.0,1976.0,2400
Los Angeles,CA,90272,3.0,3.0,2500.0,1958.0,8200
Los Angeles,CA,91364,2.5,4.0,1970.0,1961.0,4150
Los Angeles,CA,90272,5.5,5.0,4757.0,2008.0,15000
Los Angeles,CA,91406,1.0,1.0,600.0,,1250
Los Angeles,CA,90272,3.0,3.0,2929.0,,20000
Los Angeles,CA,91325,2.0,4.0,1637.0,1956.0,3300
Los Angeles,CA,91356,3.0,3.0,2521.0,1938.0,10500
Los Angeles,CA,91335,1.0,1.0,,,1900
Los Angeles,CA,91367,2.0,2.0,961.0,1977.0,2600
Los Angeles,CA,91367,1.0,,440.0,,1650
Los Angeles,CA,91405,1.0,2.0,1012.0,,1825
Los Angeles,CA,91367,2.0,2.0,920.0,,2395
Los Angeles,CA,91325,1.0,1.0,500.0,,2050
Los Angeles,CA,91364,2.0,2.0,,,1950
Los Angeles,CA,91405,2.0,2.0,1155.0,,2350
Los Angeles,CA,91364,2.5,3.0,1750.0,,4500
Los Angeles,CA,91411,2.0,3.0,1220.0,1946.0,2800
Los Angeles,CA,90272,4.0,4.0,4638.0,1992.0,12995
Los Angeles,CA,91325,3.5,3.0,1617.0,2020.0,3400
Los Angeles,CA,90272,2.0,3.0,2200.0,1954.0,11000
Los Angeles,CA,91405,1.0,1.0,,,1450
Los Angeles,CA,91367,2.0,3.0,1050.0,1987.0,2650
Los Angeles,CA,91335,1.0,,550.0,1953.0,1400
Los Angeles,CA,91367,2.0,2.0,1130.0,1980.0,2800
Los Angeles,CA,91411,2.0,3.0,1459.0,1956.0,3400
Los Angeles,CA,91367,1.0,,550.0,,1750
Los Angeles,CA,91344,2.0,4.0,1570.0,1959.0,3200
Los Angeles,CA,90272,2.0,2.0,1502.0,,4700
Los Angeles,CA,91325,3.5,6.0,3770.0,1956.0,8500
Los Angeles,CA,90272,4.5,5.0,4000.0,1986.0,17000
Los Angeles,CA,91331,3.0,4.0,1123.0,1955.0,3100
Los Angeles,CA,91367,2.0,4.0,2239.0,1953.0,4650
Los Angeles,CA,91405,1.0,2.0,780.0,,2150
Los Angeles,CA,91367,2.0,3.0,1670.0,1955.0,3500
Los Angeles,CA,90272,2.0,3.0,1716.0,1954.0,7800
Los Angeles,CA,91405,1.0,1.0,400.0,1963.0,1668
Los Angeles,CA,90272,3.0,2.0,3085.0,1950.0,35000
Los Angeles,CA,91364,3.5,4.0,2634.0,1977.0,4700
Los Angeles,CA,91406,2.0,3.0,1250.0,1950.0,3275
Los Angeles,CA,91356,1.0,3.0,1085.0,1950.0,3250
Los Angeles,CA,91406,2.0,3.0,1200.0,1954.0,3200
Los Angeles,CA,90272,2.0,3.0,1985.0,1958.0,14000
Los Angeles,CA,91411,1.0,1.0,500.0,,1250
Los Angeles,CA,90272,3.0,3.0,2205.0,1961.0,15500
Los Angeles,CA,91364,1.0,1.0,400.0,1955.0,1695
Los Angeles,CA,91342,1.0,2.0,900.0,2003.0,1700
Los Angeles,CA,91364,2.5,3.0,1900.0,1972.0,6000
Los Angeles,CA,91401,1.0,,1050.0,,1695
Los Angeles,CA,91356,2.0,4.0,1737.0,1950.0,3495
Los Angeles,CA,91605,1.0,2.0,,,1595
Los Angeles,CA,91406,3.0,4.0,1908.0,1950.0,3895
Los Angeles,CA,91364,2.0,2.0,1499.0,1953.0,3450
Los Angeles,CA,91344,1.0,1.0,400.0,1956.0,1850
Los Angeles,CA,91356,1.0,,450.0,2007.0,1415
Los Angeles,CA,91406,2.0,2.0,1124.0,1953.0,1950
Los Angeles,CA,91356,3.5,4.0,3030.0,1963.0,10000
Los Angeles,CA,91042,3.0,4.0,2262.0,1948.0,3700
Los Angeles,CA,91605,1.0,2.0,1000.0,,1995
Los Angeles,CA,91042,2.0,3.0,1396.0,1956.0,3000
Los Angeles,CA,91342,1.0,1.0,652.0,,1830
Los Angeles,CA,91606,2.0,2.0,1000.0,,1895
Los Angeles,CA,91606,2.0,4.0,2000.0,1947.0,3200
Los Angeles,CA,91605,1.0,1.0,700.0,1954.0,1658
Los Angeles,CA,91605,1.0,1.0,600.0,1951.0,1500
Los Angeles,CA,91605,1.0,1.0,600.0,1951.0,1600
Los Angeles,CA,91331,2.0,2.0,816.0,,1850
Los Angeles,CA,91606,2.5,2.0,950.0,,2100
Los Angeles,CA,91042,1.0,1.0,624.0,1957.0,1500
Los Angeles,CA,91352,2.5,3.0,1200.0,2017.0,3000
Los Angeles,CA,91606,2.0,4.0,1400.0,1947.0,3950
Los Angeles,CA,91605,1.0,1.0,817.0,,1595
Los Angeles,CA,91331,2.0,2.0,1175.0,,1895
Los Angeles,CA,91605,1.0,1.0,970.0,,1500
Los Angeles,CA,91605,2.0,3.0,1357.0,1953.0,3320
Los Angeles,CA,91605,1.0,1.0,,,1495
Los Angeles,CA,91601,1.0,1.0,685.0,,1695
Los Angeles,CA,91606,1.0,1.0,750.0,,1700
Los Angeles,CA,91606,1.0,,400.0,1962.0,1350
Los Angeles,CA,91606,2.0,2.0,1156.0,,1895
Los Angeles,CA,91042,1.0,1.0,600.0,1964.0,1600
Los Angeles,CA,91606,1.0,2.0,842.0,1947.0,2450
Los Angeles,CA,91331,2.5,4.0,1810.0,2004.0,2950
Los Angeles,CA,91040,1.0,1.0,462.0,,1800
Los Angeles,CA,91605,1.0,1.0,650.0,,1650
Los Angeles,CA,91605,2.0,3.0,,,2870
Los Angeles,CA,90044,1.0,2.0,,,2000
Los Angeles,CA,91606,3.0,3.0,1080.0,1951.0,7500
Los Angeles,CA,90044,1.0,1.0,,,1668
Los Angeles,CA,90732,2.0,2.0,1000.0,,1895
Los Angeles,CA,90044,1.0,,400.0,,1000
Los Angeles,CA,90731,1.0,1.0,750.0,,1350
Los Angeles,CA,91352,1.0,3.0,1084.0,1952.0,3000
Los Angeles,CA,90002,2.0,3.0,2766.0,1965.0,2640
Los Angeles,CA,90037,2.0,2.0,1173.0,,2150
Los Angeles,CA,90003,1.0,,,,1050
Los Angeles,CA,90731,2.0,2.0,800.0,,1800
Los Angeles,CA,90001,3.0,5.0,3600.0,2015.0,3200
Los Angeles,CA,90710,1.0,1.0,,,1500
Los Angeles,CA,90744,1.0,1.0,590.0,,1495
Los Angeles,CA,91356,3.0,3.0,1550.0,1975.0,3500
Los Angeles,CA,90731,1.0,1.0,800.0,,1595
Los Angeles,CA,90003,2.0,3.0,2004.0,1939.0,2500
Los Angeles,CA,91316,2.0,2.0,1100.0,1962.0,2250
Los Angeles,CA,90744,1.0,1.0,750.0,2019.0,1800
Los Angeles,CA,90003,2.0,3.0,950.0,1991.0,2200
Los Angeles,CA,90710,1.0,3.0,1356.0,1951.0,2700
Los Angeles,CA,91316,4.5,4.0,3400.0,1945.0,13400
Los Angeles,CA,90744,2.0,3.0,1302.0,1983.0,2945
Los Angeles,CA,90001,3.0,5.0,1330.0,1928.0,3400
Los Angeles,CA,90731,1.0,1.0,1000.0,1980.0,2300
Los Angeles,CA,91356,2.0,3.0,1300.0,1962.0,2495
Los Angeles,CA,90744,1.0,,,,1100
Los Angeles,CA,90011,3.0,5.0,,,3400
Los Angeles,CA,90731,2.0,3.0,1508.0,1952.0,3995
Los Angeles,CA,91436,3.0,3.0,2030.0,1966.0,4995
Los Angeles,CA,90744,1.0,1.0,565.0,,1450
Los Angeles,CA,90037,1.0,1.0,440.0,1905.0,1200
Los Angeles,CA,90731,1.0,1.0,533.0,,1450
Los Angeles,CA,91356,1.5,2.0,870.0,,1850
Los Angeles,CA,90744,1.0,2.0,625.0,,1685
Los Angeles,CA,91356,1.0,1.0,652.0,,2500
Los Angeles,CA,90501,1.0,1.0,550.0,,1650
Los Angeles,CA,90001,3.5,4.0,,2013.0,2800
Los Angeles,CA,90731,1.0,3.0,1518.0,1924.0,2800
Los Angeles,CA,90731,1.0,2.0,1300.0,,1800
Los Angeles,CA,91316,2.0,2.0,1415.0,1965.0,2550
Los Angeles,CA,90011,1.0,2.0,900.0,2000.0,1995
Los Angeles,CA,90744,1.0,1.0,,1980.0,1895
Los Angeles,CA,90731,2.0,3.0,1200.0,1940.0,3100
Los Angeles,CA,91436,1.0,2.0,685.0,1957.0,2095
Los Angeles,CA,90002,1.0,3.0,1128.0,1944.0,2641
Los Angeles,CA,90744,1.0,2.0,705.0,,1765
Los Angeles,CA,90003,3.5,6.0,2000.0,2018.0,3500
Los Angeles,CA,91436,2.5,2.0,1100.0,,2775
Los Angeles,CA,90744,1.0,3.0,1600.0,1918.0,2395
Los Angeles,CA,90731,2.5,2.0,1200.0,1989.0,2100
Los Angeles,CA,91356,1.0,1.0,605.0,1973.0,1875
Los Angeles,CA,90037,2.0,2.0,,2020.0,2400
Los Angeles,CA,90744,1.0,1.0,550.0,,1135
Los Angeles,CA,90731,1.0,1.0,675.0,,1800
Los Angeles,CA,90003,1.0,1.0,600.0,1956.0,1200
Los Angeles,CA,90731,1.0,,500.0,1983.0,1395
Los Angeles,CA,91401,2.5,2.0,1233.0,1979.0,2450
Los Angeles,CA,90744,1.0,,,,1195
Los Angeles,CA,91316,2.0,2.0,1611.0,,3300
Los Angeles,CA,90003,2.0,3.0,,1951.0,1595
Los Angeles,CA,90731,2.0,2.0,1316.0,,2525
Los Angeles,CA,91607,2.0,3.0,1336.0,1953.0,4750
Los Angeles,CA,91436,5.5,5.0,4600.0,2019.0,16500
Los Angeles,CA,90731,2.5,3.0,,,2395
Los Angeles,CA,90272,2.0,3.0,1368.0,1947.0,6500
Los Angeles,CA,90731,1.0,2.0,1000.0,,1900
Los Angeles,CA,91423,1.0,,500.0,,1550
Los Angeles,CA,90011,2.0,4.0,3344.0,2004.0,2699
Los Angeles,CA,91356,3.0,2.0,1278.0,1977.0,3295
Los Angeles,CA,90731,0.5,,167.0,,1050
Los Angeles,CA,90731,1.0,1.0,15900.0,1973.0,1295
Los Angeles,CA,90272,2.0,3.0,2271.0,1989.0,9250
Los Angeles,CA,91356,3.0,2.0,1343.0,1982.0,2900
Los Angeles,CA,90731,1.0,1.0,700.0,1970.0,1668
Los Angeles,CA,91423,4.0,3.0,3000.0,1936.0,9800
Los Angeles,CA,90003,1.0,2.0,900.0,2018.0,1800
Los Angeles,CA,90731,1.0,1.0,600.0,1987.0,1345
Los Angeles,CA,90003,1.0,1.0,600.0,1954.0,1400
Los Angeles,CA,90049,4.0,4.0,4200.0,1930.0,25000
Los Angeles,CA,90077,3.5,5.0,2786.0,1971.0,6700
Los Angeles,CA,91356,2.5,3.0,2000.0,1950.0,4600
Los Angeles,CA,90744,2.0,3.0,3630.0,1990.0,2641
Los Angeles,CA,90003,1.0,1.0,720.0,1920.0,1700
Los Angeles,CA,90731,1.0,,612.0,,1375
Los Angeles,CA,90049,1.0,1.0,1075.0,1947.0,3995
Los Angeles,CA,91411,2.0,4.0,1528.0,1949.0,3500
Los Angeles,CA,90731,1.0,1.0,600.0,1954.0,1750
Los Angeles,CA,90731,1.0,,450.0,1985.0,1395
Los Angeles,CA,90003,1.0,2.0,885.0,1956.0,2095
Los Angeles,CA,91436,5.0,5.0,4082.0,1964.0,13500
Los Angeles,CA,91403,2.0,2.0,1100.0,,2500
Los Angeles,CA,90744,1.0,,306.0,,1225
Los Angeles,CA,90049,1.0,2.0,1200.0,1937.0,3900
Los Angeles,CA,90001,1.0,1.0,475.0,,1650
Los Angeles,CA,90732,2.0,3.0,1595.0,1929.0,3295
Los Angeles,CA,91316,1.5,2.0,,,2195
Los Angeles,CA,91423,1.0,1.0,550.0,,1695
Los Angeles,CA,90731,3.0,3.0,1500.0,2020.0,3150
Los Angeles,CA,90002,1.0,2.0,900.0,1966.0,1900
Los Angeles,CA,91356,2.5,2.0,1203.0,1975.0,2800
Los Angeles,CA,90049,4.0,4.0,2662.0,1964.0,9000
Los Angeles,CA,91423,1.0,2.0,900.0,,2050
Los Angeles,CA,90731,2.0,3.0,,,2650
Los Angeles,CA,90731,2.0,3.0,,,2595
Los Angeles,CA,90011,2.0,4.0,1006.0,1922.0,2905
Los Angeles,CA,91403,2.5,2.0,1200.0,,2995
Los Angeles,CA,90049,5.0,4.0,4200.0,1942.0,25000
Los Angeles,CA,91356,2.0,3.0,1103.0,1970.0,3500
Los Angeles,CA,90732,3.0,4.0,1736.0,,3100
Los Angeles,CA,91423,1.0,1.0,,,1575
Los Angeles,CA,90011,2.0,3.0,2004.0,1908.0,2850
Los Angeles,CA,90008,1.5,2.0,1209.0,1950.0,1900
Los Angeles,CA,91436,2.0,2.0,1100.0,1960.0,3250
Los Angeles,CA,90272,2.0,2.0,1818.0,2002.0,5999
Los Angeles,CA,90059,1.0,3.0,1008.0,1922.0,2700
Los Angeles,CA,90731,1.0,2.0,1100.0,1966.0,1950
Los Angeles,CA,91411,2.0,3.0,1284.0,1942.0,3850
Los Angeles,CA,91356,3.0,2.0,1655.0,1975.0,2850
Los Angeles,CA,90049,1.5,2.0,1198.0,1938.0,6500
Los Angeles,CA,90059,1.0,2.0,,1957.0,1980
Los Angeles,CA,90731,2.0,1.0,1000.0,,1650
Los Angeles,CA,90045,1.0,2.0,950.0,1949.0,2495
Los Angeles,CA,91316,2.0,2.0,1600.0,1973.0,2400
Los Angeles,CA,91604,3.0,3.0,1726.0,1940.0,6500
Los Angeles,CA,90272,2.0,3.0,1625.0,1937.0,6200
Los Angeles,CA,90058,1.0,2.0,690.0,2020.0,2300
Los Angeles,CA,91423,2.0,3.0,1350.0,,2850
Los Angeles,CA,90501,1.0,2.0,770.0,,1895
Los Angeles,CA,91316,2.0,3.0,1427.0,1949.0,3995
Los Angeles,CA,90402,3.5,3.0,3465.0,1933.0,21500
Los Angeles,CA,90037,1.0,,,1928.0,1295
Los Angeles,CA,90037,3.5,3.0,1500.0,,3595
Los Angeles,CA,90731,2.0,2.0,1500.0,1987.0,2850
Los Angeles,CA,91316,3.0,4.0,2032.0,1949.0,4495
Los Angeles,CA,91436,1.0,2.0,1250.0,1961.0,3600
Los Angeles,CA,90272,2.0,3.0,1300.0,1947.0,6500
Los Angeles,CA,90059,1.0,1.0,750.0,1965.0,1668
Los Angeles,CA,90037,3.5,3.0,1500.0,,3595
Los Angeles,CA,90731,1.0,2.0,800.0,2010.0,1975
Los Angeles,CA,90272,1.0,1.0,750.0,,2500
Los Angeles,CA,90002,1.0,2.0,679.0,,1599
Los Angeles,CA,91316,1.0,1.0,500.0,1949.0,2400
Los Angeles,CA,90232,2.0,2.0,1200.0,,2795
Los Angeles,CA,91423,3.0,4.0,2278.0,1963.0,7500
Los Angeles,CA,90049,4.5,5.0,3812.0,1990.0,12850
Los Angeles,CA,90002,1.0,2.0,,,2000
Los Angeles,CA,91356,1.0,2.0,975.0,,1825
Los Angeles,CA,90731,1.0,1.0,,,1695
Los Angeles,CA,91403,1.0,1.0,600.0,,1625
Los Angeles,CA,90011,1.0,2.0,800.0,,1750
Los Angeles,CA,90272,1.0,1.0,1200.0,,4500
Los Angeles,CA,90016,1.0,2.0,826.0,,2975
Los Angeles,CA,91356,1.0,1.0,605.0,1973.0,1795
Los Angeles,CA,90731,1.0,1.0,660.0,,1850
Los Angeles,CA,91436,1.0,,400.0,1951.0,1650
Los Angeles,CA,90049,9.0,6.0,7300.0,2019.0,34950
Los Angeles,CA,90047,1.0,1.0,360.0,,1575
Los Angeles,CA,91436,3.0,4.0,3044.0,1979.0,5900
Los Angeles,CA,90210,2.5,3.0,2100.0,1937.0,12500
Los Angeles,CA,90710,2.5,3.0,1720.0,2005.0,2795
Los Angeles,CA,90003,2.0,4.0,1240.0,2006.0,2700
Los Angeles,CA,90272,3.0,3.0,2053.0,1947.0,10500
Los Angeles,CA,90044,1.0,2.0,750.0,,1795
Los Angeles,CA,91316,1.0,1.0,712.0,1971.0,1900
Los Angeles,CA,91423,2.0,2.0,1140.0,,2195
Los Angeles,CA,90732,2.5,3.0,1595.0,1976.0,3100
Los Angeles,CA,90049,4.0,3.0,2197.0,1953.0,12500
Los Angeles,CA,90058,1.0,2.0,690.0,2020.0,2300
Los Angeles,CA,90045,1.0,2.0,1180.0,1943.0,3200
Los Angeles,CA,91436,1.0,3.0,1200.0,1939.0,3000
Los Angeles,CA,91403,1.0,2.0,1050.0,1980.0,1745
Los Angeles,CA,90731,1.0,1.0,1000.0,1927.0,1800
Los Angeles,CA,90003,3.0,5.0,1750.0,,3350
Los Angeles,CA,90049,6.0,5.0,8488.0,1998.0,37000
Los Angeles,CA,91436,2.5,3.0,1892.0,1950.0,5950
Los Angeles,CA,90045,1.0,1.0,716.0,,2680
Los Angeles,CA,91423,6.0,5.0,4333.0,2016.0,15500
Los Angeles,CA,90710,2.0,3.0,1400.0,,2900
Los Angeles,CA,90061,1.0,1.0,650.0,1947.0,1800
Los Angeles,CA,90272,2.5,3.0,2243.0,1960.0,13000
Los Angeles,CA,91316,3.5,3.0,2100.0,1948.0,4400
Los Angeles,CA,90045,1.0,1.0,690.0,,1790
Los Angeles,CA,91403,8.0,8.0,7000.0,1948.0,18500
Los Angeles,CA,90732,3.5,4.0,1595.0,1976.0,3195
Los Angeles,CA,90003,2.0,3.0,1178.0,2008.0,2600
Los Angeles,CA,91436,2.0,3.0,1465.0,1949.0,4150
Los Angeles,CA,90049,4.5,4.0,3050.0,1963.0,29000
Los Angeles,CA,90011,3.0,5.0,,,3000
Los Angeles,CA,90045,2.0,2.0,845.0,,2350
Los Angeles,CA,90731,1.0,1.0,675.0,1980.0,1275
Los Angeles,CA,90272,2.0,3.0,1687.0,1939.0,8950
Los Angeles,CA,91436,5.0,6.0,7805.0,2005.0,24000
Los Angeles,CA,91423,2.0,2.0,1415.0,1952.0,4200
Los Angeles,CA,90037,2.0,3.0,1900.0,1908.0,2800
Los Angeles,CA,90003,1.0,2.0,,,4000
Los Angeles,CA,90501,2.5,3.0,1200.0,2006.0,2500
Los Angeles,CA,90008,1.0,1.0,,,1400
Los Angeles,CA,91403,1.0,1.0,600.0,,1995
Los Angeles,CA,90003,3.0,5.0,1850.0,2017.0,3200
Los Angeles,CA,91316,2.0,3.0,1004.0,1949.0,3099
Los Angeles,CA,90717,2.0,3.0,1831.0,1972.0,3500
Los Angeles,CA,90049,5.5,4.0,5443.0,1991.0,17000
Los Angeles,CA,90003,1.0,1.0,600.0,1955.0,1668
Los Angeles,CA,91401,2.0,3.0,1438.0,1947.0,3600
Los Angeles,CA,90008,1.0,2.0,1400.0,,1795
Los Angeles,CA,90501,2.0,2.0,900.0,,2050
Los Angeles,CA,91316,2.0,2.0,1442.0,1990.0,2950
Los Angeles,CA,90272,4.5,5.0,3800.0,2006.0,15000
Los Angeles,CA,90003,2.0,3.0,1350.0,2001.0,2641
Los Angeles,CA,91604,1.0,2.0,1200.0,,2300
Los Angeles,CA,90232,1.0,1.0,700.0,,1795
Los Angeles,CA,90731,4.0,5.0,2600.0,1960.0,4950
Los Angeles,CA,91316,3.0,2.0,1450.0,2007.0,2995
Los Angeles,CA,90003,1.0,3.0,,1985.0,2400
Los Angeles,CA,90044,1.0,1.0,,1911.0,1500
Los Angeles,CA,90049,4.0,4.0,4831.0,1984.0,13995
Los Angeles,CA,91423,4.0,5.0,2875.0,1989.0,8500
Los Angeles,CA,90731,1.0,2.0,1000.0,,2500
Los Angeles,CA,90061,2.0,3.0,2600.0,2008.0,2700
Los Angeles,CA,91403,1.0,1.0,600.0,1948.0,1695
Los Angeles,CA,90008,2.0,2.0,1170.0,2007.0,2800
Los Angeles,CA,90402,4.0,4.0,2092.0,1914.0,14500
Los Angeles,CA,90731,3.0,3.0,2516.0,1991.0,3900
Los Angeles,CA,91356,2.5,2.0,1411.0,1979.0,2500
Los Angeles,CA,90011,2.0,3.0,1190.0,,2650
Los Angeles,CA,91401,2.0,2.0,920.0,,2299
Los Angeles,CA,90034,1.0,,400.0,,1595
Los Angeles,CA,90731,2.0,3.0,1148.0,,2350
Los Angeles,CA,90272,3.0,4.0,2553.0,1946.0,12500
Los Angeles,CA,91316,3.0,4.0,3283.0,1962.0,16000
Los Angeles,CA,90003,1.0,1.0,1560.0,1925.0,1660
Los Angeles,CA,90710,1.0,2.0,893.0,1989.0,2000
Los Angeles,CA,90232,1.0,,,2012.0,1595
Los Angeles,CA,91411,2.0,2.0,947.0,1978.0,2295
Los Angeles,CA,91316,2.0,3.0,1400.0,1949.0,3200
Los Angeles,CA,90061,2.0,4.0,1500.0,2006.0,2800
Los Angeles,CA,90272,7.0,5.0,7200.0,2004.0,55000
Los Angeles,CA,90731,1.0,1.0,560.0,1918.0,1700
Los Angeles,CA,90037,1.0,2.0,1000.0,1923.0,2000
Los Angeles,CA,91436,6.5,6.0,8500.0,2018.0,30000
Los Angeles,CA,90011,2.0,4.0,1400.0,,2900
Los Angeles,CA,91604,2.0,2.0,1133.0,2005.0,2500
Los Angeles,CA,90272,2.0,2.0,1000.0,,5995
Los Angeles,CA,90037,1.0,1.0,,,1650
Los Angeles,CA,91423,2.5,2.0,1000.0,,2250
Los Angeles,CA,90710,1.5,2.0,,,2395
Los Angeles,CA,90047,1.0,3.0,,1980.0,1995
Los Angeles,CA,91436,3.0,2.0,1730.0,1981.0,3300
Los Angeles,CA,90272,2.0,3.0,1900.0,1924.0,9300
Los Angeles,CA,90003,2.0,3.0,1200.0,1954.0,2641
Los Angeles,CA,91411,2.0,2.0,900.0,,2195
Los Angeles,CA,90232,1.0,1.0,700.0,1947.0,2000
Los Angeles,CA,90732,1.5,2.0,1467.0,1951.0,3400
Los Angeles,CA,91436,2.0,3.0,1535.0,1952.0,4500
Los Angeles,CA,90011,1.0,2.0,2814.0,1922.0,1850
Los Angeles,CA,90402,6.0,6.0,5800.0,1940.0,45000
Los Angeles,CA,91356,2.5,3.0,1650.0,1979.0,2899
Los Angeles,CA,91423,3.0,4.0,1838.0,1941.0,6250
Los Angeles,CA,90501,2.0,2.0,,,2150
Los Angeles,CA,90034,1.0,,,,1300
Los Angeles,CA,90037,1.0,1.0,,,1650
Los Angeles,CA,91356,2.0,2.0,700.0,,2000
Los Angeles,CA,90272,2.0,3.0,1280.0,1950.0,6500
Los Angeles,CA,90045,1.0,2.0,800.0,,2500
Los Angeles,CA,90011,2.0,4.0,1456.0,2015.0,2650
Los Angeles,CA,91316,1.0,1.0,850.0,,1795
Los Angeles,CA,90731,3.0,3.0,1900.0,1978.0,2950
Los Angeles,CA,90016,1.5,2.0,867.0,1949.0,2950
Los Angeles,CA,91411,2.0,3.0,1502.0,1949.0,4700
Los Angeles,CA,90011,1.0,2.0,700.0,1935.0,2150
Los Angeles,CA,90731,1.0,2.0,850.0,,2150
Los Angeles,CA,91316,3.0,2.0,1564.0,1989.0,4200
Los Angeles,CA,90049,3.0,4.0,2149.0,1937.0,22500
Los Angeles,CA,90210,3.0,3.0,1404.0,1947.0,6995
Los Angeles,CA,90011,1.0,2.0,800.0,1980.0,2000
